mandate_id,payer_id,attempt_number,attempt_date,day_of_month,day_of_week,hour_of_day,is_salary_window,bank_name,payer_historical_success_rate,payer_tenure_months,subscription_amount,amount_tier,prior_failure_reason,outcome_success
mandate_00000,payer_00000,1,2025-05-03,3,5,15,True,Bank B (Tier1),0.625,24,4999.0,high,,True
mandate_00001,payer_00001,1,2025-03-02,2,6,14,True,Bank C (Tier1),0.355,16,499.0,low,,True
mandate_00002,payer_00002,1,2026-04-02,2,3,19,True,Bank C (Tier1),0.268,27,299.0,low,,True
mandate_00003,payer_00003,1,2025-09-19,19,4,15,False,Bank A (Tier1),0.715,28,1499.0,medium,,True
mandate_00004,payer_00004,1,2025-05-12,12,0,7,False,Bank F (Tier2),0.807,7,2499.0,high,,False
mandate_00004,payer_00004,2,2025-05-17,17,5,8,False,Bank C (Tier1),0.807,7,299.0,low,insufficient_funds,True
mandate_00005,payer_00005,1,2026-05-12,12,1,9,False,Bank C (Tier1),0.347,34,2499.0,high,,False
mandate_00005,payer_00005,2,2026-05-14,14,3,10,False,Bank C (Tier1),0.347,34,4999.0,high,bank_server_error,False
mandate_00005,payer_00005,3,2026-05-18,18,0,16,False,Bank G (Tier3),0.347,34,1499.0,medium,technical_decline,False
mandate_00005,payer_00005,4,2026-05-23,23,5,13,False,Bank G (Tier3),0.347,34,499.0,low,bank_server_error,True
mandate_00006,payer_00006,1,2025-09-13,13,5,13,False,Bank D (Tier2),0.704,4,999.0,medium,,False
mandate_00006,payer_00006,2,2025-09-16,16,1,19,False,Bank B (Tier1),0.704,4,299.0,low,technical_decline,False
mandate_00006,payer_00006,3,2025-09-17,17,2,8,False,Bank C (Tier1),0.704,4,4999.0,high,technical_decline,False
mandate_00006,payer_00006,4,2025-09-20,20,5,15,False,Bank C (Tier1),0.704,4,4999.0,high,insufficient_funds,True
mandate_00007,payer_00007,1,2026-02-12,12,3,19,False,Bank H (Tier3),0.295,20,199.0,low,,False
mandate_00007,payer_00007,2,2026-02-15,15,6,19,False,Bank B (Tier1),0.295,20,299.0,low,insufficient_funds,False
mandate_00007,payer_00007,3,2026-02-17,17,1,13,False,Bank G (Tier3),0.295,20,1499.0,medium,insufficient_funds,False
mandate_00007,payer_00007,4,2026-02-19,19,3,13,False,Bank D (Tier2),0.295,20,4999.0,high,limit_exceeded,False
mandate_00008,payer_00008,1,2025-07-26,26,5,9,False,Bank G (Tier3),0.672,26,2499.0,high,,False
mandate_00008,payer_00008,2,2025-07-31,31,3,21,True,Bank B (Tier1),0.672,26,199.0,low,insufficient_funds,True
mandate_00009,payer_00009,1,2025-10-11,11,5,12,False,Bank F (Tier2),0.257,13,299.0,low,,True
mandate_00010,payer_00010,1,2025-08-26,26,1,14,False,Bank G (Tier3),0.837,14,999.0,medium,,False
mandate_00010,payer_00010,2,2025-08-30,30,5,21,True,Bank D (Tier2),0.837,14,299.0,low,limit_exceeded,True
mandate_00011,payer_00011,1,2026-06-14,14,6,8,False,Bank D (Tier2),0.843,17,199.0,low,,True
mandate_00012,payer_00012,1,2025-04-20,20,6,21,False,Bank G (Tier3),0.499,14,299.0,low,,True
mandate_00013,payer_00013,1,2025-03-06,6,3,6,False,Bank A (Tier1),0.862,35,299.0,low,,True
mandate_00014,payer_00014,1,2026-05-31,31,6,6,True,Bank C (Tier1),0.716,17,299.0,low,,True
mandate_00015,payer_00015,1,2025-03-29,29,5,16,True,Bank H (Tier3),0.865,5,299.0,low,,True
mandate_00016,payer_00016,1,2026-04-10,10,4,11,False,Bank G (Tier3),0.433,6,999.0,medium,,False
mandate_00016,payer_00016,2,2026-04-11,11,5,7,False,Bank H (Tier3),0.433,6,2499.0,high,bank_server_error,False
mandate_00016,payer_00016,3,2026-04-15,15,2,19,False,Bank F (Tier2),0.433,6,199.0,low,insufficient_funds,True
mandate_00017,payer_00017,1,2025-06-18,18,2,14,False,Bank D (Tier2),0.733,30,999.0,medium,,False
mandate_00017,payer_00017,2,2025-06-21,21,5,18,False,Bank B (Tier1),0.733,30,2499.0,high,insufficient_funds,False
mandate_00017,payer_00017,3,2025-06-23,23,0,6,False,Bank H (Tier3),0.733,30,2499.0,high,insufficient_funds,False
mandate_00017,payer_00017,4,2025-06-27,27,4,14,False,Bank E (Tier2),0.733,30,1499.0,medium,insufficient_funds,True
mandate_00018,payer_00018,1,2025-12-03,3,2,14,True,Bank C (Tier1),0.322,31,4999.0,high,,False
mandate_00018,payer_00018,2,2025-12-07,7,6,19,False,Bank C (Tier1),0.322,31,299.0,low,account_frozen,False
mandate_00018,payer_00018,3,2025-12-12,12,4,13,False,Bank A (Tier1),0.322,31,2499.0,high,bank_server_error,False
mandate_00018,payer_00018,4,2025-12-14,14,6,11,False,Bank A (Tier1),0.322,31,999.0,medium,insufficient_funds,True
mandate_00019,payer_00019,1,2025-08-16,16,5,12,False,Bank A (Tier1),0.572,14,4999.0,high,,False
mandate_00019,payer_00019,2,2025-08-20,20,2,9,False,Bank H (Tier3),0.572,14,499.0,low,insufficient_funds,False
mandate_00019,payer_00019,3,2025-08-24,24,6,11,False,Bank A (Tier1),0.572,14,299.0,low,limit_exceeded,False
mandate_00019,payer_00019,4,2025-08-29,29,4,14,True,Bank E (Tier2),0.572,14,199.0,low,insufficient_funds,False
mandate_00020,payer_00020,1,2026-04-30,30,3,11,True,Bank G (Tier3),0.829,29,199.0,low,,True
mandate_00021,payer_00021,1,2025-04-03,3,3,20,True,Bank H (Tier3),0.404,1,4999.0,high,,True
mandate_00022,payer_00022,1,2025-07-01,1,1,7,True,Bank A (Tier1),0.486,21,499.0,low,,True
mandate_00023,payer_00023,1,2025-10-16,16,3,7,False,Bank E (Tier2),0.949,17,2499.0,high,,False
mandate_00023,payer_00023,2,2025-10-20,20,0,18,False,Bank D (Tier2),0.949,17,4999.0,high,bank_server_error,True
mandate_00024,payer_00024,1,2025-02-07,7,4,19,False,Bank G (Tier3),0.382,24,299.0,low,,True
mandate_00025,payer_00025,1,2025-05-23,23,4,17,False,Bank C (Tier1),0.566,17,4999.0,high,,True
mandate_00026,payer_00026,1,2025-04-23,23,2,13,False,Bank B (Tier1),0.629,4,499.0,low,,True
mandate_00027,payer_00027,1,2026-01-12,12,0,15,False,Bank C (Tier1),0.754,21,499.0,low,,True
mandate_00028,payer_00028,1,2026-05-20,20,2,16,False,Bank F (Tier2),0.672,10,199.0,low,,True
mandate_00029,payer_00029,1,2026-01-04,4,6,7,False,Bank D (Tier2),0.708,15,999.0,medium,,True
mandate_00030,payer_00030,1,2026-02-25,25,2,13,False,Bank G (Tier3),0.869,34,299.0,low,,True
mandate_00031,payer_00031,1,2025-10-26,26,6,21,False,Bank E (Tier2),0.566,11,2499.0,high,,False
mandate_00031,payer_00031,2,2025-10-31,31,4,12,True,Bank A (Tier1),0.566,11,2499.0,high,bank_server_error,False
mandate_00031,payer_00031,3,2025-11-03,3,0,22,True,Bank D (Tier2),0.566,11,4999.0,high,insufficient_funds,True
mandate_00032,payer_00032,1,2025-03-20,20,3,16,False,Bank A (Tier1),0.596,15,199.0,low,,False
mandate_00032,payer_00032,2,2025-03-23,23,6,8,False,Bank E (Tier2),0.596,15,4999.0,high,bank_server_error,True
mandate_00033,payer_00033,1,2025-04-17,17,3,11,False,Bank E (Tier2),0.764,15,499.0,low,,True
mandate_00034,payer_00034,1,2025-08-14,14,3,18,False,Bank D (Tier2),0.849,28,299.0,low,,False
mandate_00034,payer_00034,2,2025-08-18,18,0,17,False,Bank B (Tier1),0.849,28,499.0,low,technical_decline,False
mandate_00034,payer_00034,3,2025-08-20,20,2,16,False,Bank D (Tier2),0.849,28,499.0,low,insufficient_funds,False
mandate_00034,payer_00034,4,2025-08-22,22,4,9,False,Bank G (Tier3),0.849,28,999.0,medium,technical_decline,False
mandate_00035,payer_00035,1,2026-05-17,17,6,22,False,Bank G (Tier3),0.801,27,4999.0,high,,False
mandate_00035,payer_00035,2,2026-05-19,19,1,16,False,Bank D (Tier2),0.801,27,1499.0,medium,insufficient_funds,False
mandate_00035,payer_00035,3,2026-05-22,22,4,13,False,Bank A (Tier1),0.801,27,499.0,low,insufficient_funds,True
mandate_00036,payer_00036,1,2025-04-14,14,0,15,False,Bank G (Tier3),0.867,18,4999.0,high,,True
mandate_00037,payer_00037,1,2025-05-20,20,1,17,False,Bank B (Tier1),0.758,26,1499.0,medium,,True
mandate_00038,payer_00038,1,2025-02-05,5,2,8,False,Bank G (Tier3),0.405,22,199.0,low,,False
mandate_00038,payer_00038,2,2025-02-07,7,4,16,False,Bank G (Tier3),0.405,22,199.0,low,technical_decline,True
mandate_00039,payer_00039,1,2026-05-03,3,6,8,True,Bank E (Tier2),0.7,14,1499.0,medium,,True
mandate_00040,payer_00040,1,2025-04-18,18,4,20,False,Bank H (Tier3),0.262,18,1499.0,medium,,False
mandate_00040,payer_00040,2,2025-04-21,21,0,6,False,Bank B (Tier1),0.262,18,2499.0,high,insufficient_funds,False
mandate_00040,payer_00040,3,2025-04-23,23,2,10,False,Bank E (Tier2),0.262,18,999.0,medium,limit_exceeded,False
mandate_00040,payer_00040,4,2025-04-27,27,6,14,False,Bank A (Tier1),0.262,18,4999.0,high,insufficient_funds,False
mandate_00041,payer_00041,1,2025-05-03,3,5,13,True,Bank D (Tier2),0.264,26,299.0,low,,False
mandate_00041,payer_00041,2,2025-05-06,6,1,15,False,Bank H (Tier3),0.264,26,299.0,low,insufficient_funds,False
mandate_00041,payer_00041,3,2025-05-07,7,2,22,False,Bank G (Tier3),0.264,26,2499.0,high,bank_server_error,False
mandate_00041,payer_00041,4,2025-05-11,11,6,7,False,Bank G (Tier3),0.264,26,199.0,low,bank_server_error,False
mandate_00042,payer_00042,1,2025-10-01,1,2,18,True,Bank F (Tier2),0.529,29,299.0,low,,True
mandate_00043,payer_00043,1,2025-02-10,10,0,11,False,Bank D (Tier2),0.766,17,999.0,medium,,False
mandate_00043,payer_00043,2,2025-02-15,15,5,18,False,Bank B (Tier1),0.766,17,299.0,low,insufficient_funds,False
mandate_00043,payer_00043,3,2025-02-18,18,1,12,False,Bank G (Tier3),0.766,17,1499.0,medium,bank_server_error,True
mandate_00044,payer_00044,1,2025-09-18,18,3,7,False,Bank B (Tier1),0.593,26,4999.0,high,,True
mandate_00045,payer_00045,1,2026-01-14,14,2,11,False,Bank F (Tier2),0.491,8,4999.0,high,,False
mandate_00045,payer_00045,2,2026-01-15,15,3,6,False,Bank C (Tier1),0.491,8,299.0,low,insufficient_funds,False
mandate_00045,payer_00045,3,2026-01-20,20,1,17,False,Bank H (Tier3),0.491,8,299.0,low,bank_server_error,False
mandate_00045,payer_00045,4,2026-01-22,22,3,9,False,Bank B (Tier1),0.491,8,199.0,low,insufficient_funds,True
mandate_00046,payer_00046,1,2026-01-11,11,6,13,False,Bank D (Tier2),0.247,1,1499.0,medium,,False
mandate_00046,payer_00046,2,2026-01-15,15,3,11,False,Bank C (Tier1),0.247,1,1499.0,medium,insufficient_funds,True
mandate_00047,payer_00047,1,2025-12-22,22,0,12,False,Bank D (Tier2),0.552,28,499.0,low,,True
mandate_00048,payer_00048,1,2025-04-23,23,2,16,False,Bank A (Tier1),0.448,4,1499.0,medium,,True
mandate_00049,payer_00049,1,2025-10-09,9,3,22,False,Bank G (Tier3),0.572,24,2499.0,high,,False
mandate_00049,payer_00049,2,2025-10-14,14,1,14,False,Bank G (Tier3),0.572,24,299.0,low,insufficient_funds,False
mandate_00049,payer_00049,3,2025-10-18,18,5,15,False,Bank D (Tier2),0.572,24,4999.0,high,technical_decline,False
mandate_00049,payer_00049,4,2025-10-19,19,6,7,False,Bank D (Tier2),0.572,24,199.0,low,technical_decline,True
mandate_00050,payer_00050,1,2026-04-06,6,0,8,False,Bank D (Tier2),0.586,7,199.0,low,,True
mandate_00051,payer_00051,1,2025-10-27,27,0,18,False,Bank H (Tier3),0.681,12,499.0,low,,True
mandate_00052,payer_00052,1,2025-10-02,2,3,13,True,Bank G (Tier3),0.761,11,299.0,low,,True
mandate_00053,payer_00053,1,2025-06-29,29,6,9,True,Bank H (Tier3),0.864,34,999.0,medium,,True
mandate_00054,payer_00054,1,2025-04-12,12,5,17,False,Bank B (Tier1),0.698,6,2499.0,high,,True
mandate_00055,payer_00055,1,2025-10-04,4,5,11,False,Bank C (Tier1),0.634,35,499.0,low,,True
mandate_00056,payer_00056,1,2026-01-27,27,1,9,False,Bank E (Tier2),0.591,25,299.0,low,,True
mandate_00057,payer_00057,1,2025-11-05,5,2,22,False,Bank A (Tier1),0.337,18,999.0,medium,,False
mandate_00057,payer_00057,2,2025-11-07,7,4,18,False,Bank E (Tier2),0.337,18,299.0,low,insufficient_funds,False
mandate_00057,payer_00057,3,2025-11-10,10,0,20,False,Bank D (Tier2),0.337,18,299.0,low,insufficient_funds,False
mandate_00057,payer_00057,4,2025-11-13,13,3,10,False,Bank H (Tier3),0.337,18,1499.0,medium,insufficient_funds,True
mandate_00058,payer_00058,1,2025-07-03,3,3,11,True,Bank A (Tier1),0.758,35,299.0,low,,True
mandate_00059,payer_00059,1,2025-06-02,2,0,11,True,Bank C (Tier1),0.536,12,499.0,low,,True
mandate_00060,payer_00060,1,2025-06-09,9,0,11,False,Bank H (Tier3),0.284,1,2499.0,high,,False
mandate_00060,payer_00060,2,2025-06-14,14,5,19,False,Bank G (Tier3),0.284,1,199.0,low,insufficient_funds,False
mandate_00060,payer_00060,3,2025-06-15,15,6,18,False,Bank G (Tier3),0.284,1,2499.0,high,technical_decline,False
mandate_00060,payer_00060,4,2025-06-17,17,1,7,False,Bank G (Tier3),0.284,1,199.0,low,limit_exceeded,True
mandate_00061,payer_00061,1,2026-02-08,8,6,14,False,Bank E (Tier2),0.383,33,2499.0,high,,False
mandate_00061,payer_00061,2,2026-02-13,13,4,13,False,Bank A (Tier1),0.383,33,1499.0,medium,insufficient_funds,True
mandate_00062,payer_00062,1,2025-01-27,27,0,20,False,Bank B (Tier1),0.578,5,4999.0,high,,True
mandate_00063,payer_00063,1,2026-05-03,3,6,10,True,Bank D (Tier2),0.563,11,999.0,medium,,True
mandate_00064,payer_00064,1,2025-11-29,29,5,14,True,Bank D (Tier2),0.682,23,999.0,medium,,False
mandate_00064,payer_00064,2,2025-12-04,4,3,20,False,Bank H (Tier3),0.682,23,1499.0,medium,insufficient_funds,False
mandate_00064,payer_00064,3,2025-12-06,6,5,11,False,Bank E (Tier2),0.682,23,2499.0,high,bank_server_error,True
mandate_00065,payer_00065,1,2025-05-24,24,5,7,False,Bank F (Tier2),0.727,33,299.0,low,,False
mandate_00065,payer_00065,2,2025-05-27,27,1,7,False,Bank B (Tier1),0.727,33,999.0,medium,technical_decline,False
mandate_00065,payer_00065,3,2025-05-31,31,5,11,True,Bank B (Tier1),0.727,33,299.0,low,insufficient_funds,True
mandate_00066,payer_00066,1,2025-09-15,15,0,18,False,Bank A (Tier1),0.884,12,299.0,low,,False
mandate_00066,payer_00066,2,2025-09-20,20,5,7,False,Bank H (Tier3),0.884,12,4999.0,high,technical_decline,False
mandate_00066,payer_00066,3,2025-09-22,22,0,17,False,Bank C (Tier1),0.884,12,499.0,low,technical_decline,True
mandate_00067,payer_00067,1,2025-09-05,5,4,17,False,Bank B (Tier1),0.893,30,999.0,medium,,True
mandate_00068,payer_00068,1,2025-02-25,25,1,13,False,Bank F (Tier2),0.796,23,499.0,low,,False
mandate_00068,payer_00068,2,2025-02-26,26,2,11,False,Bank A (Tier1),0.796,23,2499.0,high,insufficient_funds,True
mandate_00069,payer_00069,1,2026-04-02,2,3,15,True,Bank C (Tier1),0.345,19,199.0,low,,True
mandate_00070,payer_00070,1,2025-05-19,19,0,12,False,Bank E (Tier2),0.672,11,499.0,low,,True
mandate_00071,payer_00071,1,2025-01-10,10,4,10,False,Bank E (Tier2),0.458,16,499.0,low,,False
mandate_00071,payer_00071,2,2025-01-15,15,2,13,False,Bank A (Tier1),0.458,16,1499.0,medium,bank_server_error,False
mandate_00071,payer_00071,3,2025-01-16,16,3,6,False,Bank E (Tier2),0.458,16,199.0,low,limit_exceeded,False
mandate_00071,payer_00071,4,2025-01-17,17,4,16,False,Bank G (Tier3),0.458,16,1499.0,medium,technical_decline,False
mandate_00072,payer_00072,1,2026-04-20,20,0,15,False,Bank A (Tier1),0.329,9,199.0,low,,False
mandate_00072,payer_00072,2,2026-04-23,23,3,21,False,Bank B (Tier1),0.329,9,499.0,low,insufficient_funds,True
mandate_00073,payer_00073,1,2025-07-05,5,5,18,False,Bank H (Tier3),0.822,33,1499.0,medium,,True
mandate_00074,payer_00074,1,2025-04-01,1,1,9,True,Bank E (Tier2),0.593,15,1499.0,medium,,True
mandate_00075,payer_00075,1,2025-06-17,17,1,6,False,Bank A (Tier1),0.568,14,4999.0,high,,False
mandate_00075,payer_00075,2,2025-06-19,19,3,20,False,Bank D (Tier2),0.568,14,999.0,medium,insufficient_funds,False
mandate_00075,payer_00075,3,2025-06-22,22,6,21,False,Bank E (Tier2),0.568,14,1499.0,medium,insufficient_funds,True
mandate_00076,payer_00076,1,2025-01-02,2,3,8,True,Bank C (Tier1),0.465,35,299.0,low,,False
mandate_00076,payer_00076,2,2025-01-04,4,5,6,False,Bank H (Tier3),0.465,35,2499.0,high,insufficient_funds,False
mandate_00076,payer_00076,3,2025-01-06,6,0,11,False,Bank H (Tier3),0.465,35,299.0,low,bank_server_error,False
mandate_00076,payer_00076,4,2025-01-08,8,2,12,False,Bank E (Tier2),0.465,35,299.0,low,insufficient_funds,True
mandate_00077,payer_00077,1,2025-02-22,22,5,20,False,Bank G (Tier3),0.282,9,1499.0,medium,,True
mandate_00078,payer_00078,1,2025-07-21,21,0,18,False,Bank A (Tier1),0.689,14,999.0,medium,,False
mandate_00078,payer_00078,2,2025-07-26,26,5,7,False,Bank G (Tier3),0.689,14,4999.0,high,technical_decline,True
mandate_00079,payer_00079,1,2025-02-18,18,1,15,False,Bank B (Tier1),0.864,22,999.0,medium,,False
mandate_00079,payer_00079,2,2025-02-19,19,2,12,False,Bank H (Tier3),0.864,22,999.0,medium,bank_server_error,True
mandate_00080,payer_00080,1,2025-03-23,23,6,17,False,Bank H (Tier3),0.284,18,199.0,low,,False
mandate_00080,payer_00080,2,2025-03-24,24,0,10,False,Bank D (Tier2),0.284,18,499.0,low,insufficient_funds,True
mandate_00081,payer_00081,1,2025-09-10,10,2,8,False,Bank C (Tier1),0.941,19,199.0,low,,False
mandate_00081,payer_00081,2,2025-09-13,13,5,7,False,Bank G (Tier3),0.941,19,1499.0,medium,insufficient_funds,True
mandate_00082,payer_00082,1,2025-05-10,10,5,22,False,Bank G (Tier3),0.595,1,299.0,low,,False
mandate_00082,payer_00082,2,2025-05-15,15,3,20,False,Bank G (Tier3),0.595,1,1499.0,medium,technical_decline,False
mandate_00082,payer_00082,3,2025-05-17,17,5,9,False,Bank B (Tier1),0.595,1,499.0,low,bank_server_error,True
mandate_00083,payer_00083,1,2025-05-01,1,3,13,True,Bank G (Tier3),0.466,25,2499.0,high,,True
mandate_00084,payer_00084,1,2026-05-03,3,6,11,True,Bank C (Tier1),0.517,16,4999.0,high,,True
mandate_00085,payer_00085,1,2025-09-30,30,1,21,True,Bank E (Tier2),0.417,8,499.0,low,,True
mandate_00086,payer_00086,1,2025-09-23,23,1,21,False,Bank A (Tier1),0.849,16,2499.0,high,,True
mandate_00087,payer_00087,1,2026-04-03,3,4,21,True,Bank H (Tier3),0.767,5,199.0,low,,True
mandate_00088,payer_00088,1,2026-02-01,1,6,20,True,Bank G (Tier3),0.684,19,199.0,low,,True
mandate_00089,payer_00089,1,2026-05-19,19,1,7,False,Bank H (Tier3),0.73,24,1499.0,medium,,True
mandate_00090,payer_00090,1,2025-11-17,17,0,8,False,Bank H (Tier3),0.818,22,999.0,medium,,False
mandate_00090,payer_00090,2,2025-11-22,22,5,14,False,Bank A (Tier1),0.818,22,1499.0,medium,account_frozen,True
mandate_00091,payer_00091,1,2025-08-09,9,5,16,False,Bank F (Tier2),0.809,20,299.0,low,,False
mandate_00091,payer_00091,2,2025-08-10,10,6,7,False,Bank A (Tier1),0.809,20,1499.0,medium,account_frozen,False
mandate_00091,payer_00091,3,2025-08-12,12,1,16,False,Bank A (Tier1),0.809,20,499.0,low,technical_decline,False
mandate_00091,payer_00091,4,2025-08-14,14,3,11,False,Bank E (Tier2),0.809,20,1499.0,medium,limit_exceeded,False
mandate_00092,payer_00092,1,2025-07-21,21,0,11,False,Bank C (Tier1),0.738,1,999.0,medium,,True
mandate_00093,payer_00093,1,2025-01-28,28,1,14,True,Bank H (Tier3),0.271,35,499.0,low,,True
mandate_00094,payer_00094,1,2025-01-21,21,1,20,False,Bank C (Tier1),0.582,23,2499.0,high,,True
mandate_00095,payer_00095,1,2026-02-26,26,3,12,False,Bank H (Tier3),0.727,29,299.0,low,,False
mandate_00095,payer_00095,2,2026-03-02,2,0,16,True,Bank E (Tier2),0.727,29,999.0,medium,insufficient_funds,True
mandate_00096,payer_00096,1,2025-04-26,26,5,22,False,Bank F (Tier2),0.534,17,2499.0,high,,True
mandate_00097,payer_00097,1,2025-11-23,23,6,6,False,Bank H (Tier3),0.497,9,4999.0,high,,False
mandate_00097,payer_00097,2,2025-11-26,26,2,7,False,Bank A (Tier1),0.497,9,299.0,low,insufficient_funds,False
mandate_00097,payer_00097,3,2025-11-27,27,3,22,False,Bank E (Tier2),0.497,9,299.0,low,insufficient_funds,False
mandate_00097,payer_00097,4,2025-11-29,29,5,21,True,Bank E (Tier2),0.497,9,499.0,low,technical_decline,False
mandate_00098,payer_00098,1,2026-03-29,29,6,16,True,Bank E (Tier2),0.791,34,999.0,medium,,True
mandate_00099,payer_00099,1,2025-01-20,20,0,8,False,Bank E (Tier2),0.153,16,4999.0,high,,True
mandate_00100,payer_00100,1,2026-03-03,3,1,13,True,Bank D (Tier2),0.69,10,199.0,low,,True
mandate_00101,payer_00101,1,2026-04-30,30,3,13,True,Bank H (Tier3),0.591,9,499.0,low,,True
mandate_00102,payer_00102,1,2025-04-05,5,5,16,False,Bank D (Tier2),0.834,18,199.0,low,,True
mandate_00103,payer_00103,1,2026-06-26,26,4,10,False,Bank B (Tier1),0.201,22,199.0,low,,False
mandate_00103,payer_00103,2,2026-06-29,29,0,14,True,Bank F (Tier2),0.201,22,299.0,low,insufficient_funds,True
mandate_00104,payer_00104,1,2026-02-01,1,6,7,True,Bank F (Tier2),0.843,33,199.0,low,,True
mandate_00105,payer_00105,1,2026-06-28,28,6,15,True,Bank G (Tier3),0.787,34,499.0,low,,False
mandate_00105,payer_00105,2,2026-07-03,3,4,12,True,Bank H (Tier3),0.787,34,199.0,low,insufficient_funds,True
mandate_00106,payer_00106,1,2025-01-15,15,2,13,False,Bank A (Tier1),0.773,20,1499.0,medium,,True
mandate_00107,payer_00107,1,2025-02-17,17,0,16,False,Bank G (Tier3),0.744,1,499.0,low,,True
mandate_00108,payer_00108,1,2026-05-03,3,6,7,True,Bank H (Tier3),0.566,19,999.0,medium,,False
mandate_00108,payer_00108,2,2026-05-06,6,2,14,False,Bank F (Tier2),0.566,19,499.0,low,insufficient_funds,True
mandate_00109,payer_00109,1,2025-09-07,7,6,9,False,Bank E (Tier2),0.805,25,2499.0,high,,True
mandate_00110,payer_00110,1,2026-05-18,18,0,11,False,Bank D (Tier2),0.332,29,2499.0,high,,False
mandate_00110,payer_00110,2,2026-05-22,22,4,19,False,Bank G (Tier3),0.332,29,999.0,medium,technical_decline,False
mandate_00110,payer_00110,3,2026-05-24,24,6,21,False,Bank H (Tier3),0.332,29,299.0,low,insufficient_funds,False
mandate_00110,payer_00110,4,2026-05-27,27,2,10,False,Bank C (Tier1),0.332,29,1499.0,medium,technical_decline,False
mandate_00111,payer_00111,1,2025-12-11,11,3,13,False,Bank D (Tier2),0.98,31,299.0,low,,True
mandate_00112,payer_00112,1,2025-07-26,26,5,20,False,Bank F (Tier2),0.839,24,299.0,low,,False
mandate_00112,payer_00112,2,2025-07-30,30,2,18,True,Bank H (Tier3),0.839,24,499.0,low,technical_decline,True
mandate_00113,payer_00113,1,2025-02-06,6,3,9,False,Bank D (Tier2),0.689,21,4999.0,high,,False
mandate_00113,payer_00113,2,2025-02-11,11,1,15,False,Bank C (Tier1),0.689,21,499.0,low,technical_decline,True
mandate_00114,payer_00114,1,2026-01-12,12,0,15,False,Bank C (Tier1),0.348,4,499.0,low,,False
mandate_00114,payer_00114,2,2026-01-14,14,2,15,False,Bank A (Tier1),0.348,4,2499.0,high,insufficient_funds,False
mandate_00114,payer_00114,3,2026-01-16,16,4,11,False,Bank D (Tier2),0.348,4,499.0,low,technical_decline,False
mandate_00114,payer_00114,4,2026-01-19,19,0,11,False,Bank F (Tier2),0.348,4,199.0,low,insufficient_funds,False
mandate_00115,payer_00115,1,2025-11-15,15,5,18,False,Bank C (Tier1),0.893,2,2499.0,high,,True
mandate_00116,payer_00116,1,2025-09-23,23,1,12,False,Bank H (Tier3),0.253,9,999.0,medium,,False
mandate_00116,payer_00116,2,2025-09-25,25,3,19,False,Bank B (Tier1),0.253,9,2499.0,high,technical_decline,False
mandate_00116,payer_00116,3,2025-09-30,30,1,6,True,Bank E (Tier2),0.253,9,1499.0,medium,bank_server_error,False
mandate_00116,payer_00116,4,2025-10-02,2,3,9,True,Bank H (Tier3),0.253,9,499.0,low,technical_decline,False
mandate_00117,payer_00117,1,2025-05-16,16,4,8,False,Bank B (Tier1),0.555,36,2499.0,high,,True
mandate_00118,payer_00118,1,2025-10-15,15,2,13,False,Bank A (Tier1),0.525,27,4999.0,high,,False
mandate_00118,payer_00118,2,2025-10-18,18,5,8,False,Bank D (Tier2),0.525,27,499.0,low,insufficient_funds,False
mandate_00118,payer_00118,3,2025-10-19,19,6,21,False,Bank H (Tier3),0.525,27,499.0,low,insufficient_funds,False
mandate_00118,payer_00118,4,2025-10-20,20,0,13,False,Bank B (Tier1),0.525,27,1499.0,medium,limit_exceeded,False
mandate_00119,payer_00119,1,2025-11-11,11,1,20,False,Bank A (Tier1),0.697,5,499.0,low,,True
mandate_00120,payer_00120,1,2025-09-16,16,1,19,False,Bank B (Tier1),0.568,29,2499.0,high,,True
mandate_00121,payer_00121,1,2025-04-12,12,5,20,False,Bank F (Tier2),0.763,14,999.0,medium,,False
mandate_00121,payer_00121,2,2025-04-17,17,3,14,False,Bank F (Tier2),0.763,14,4999.0,high,technical_decline,False
mandate_00121,payer_00121,3,2025-04-21,21,0,11,False,Bank A (Tier1),0.763,14,1499.0,medium,insufficient_funds,False
mandate_00121,payer_00121,4,2025-04-22,22,1,19,False,Bank G (Tier3),0.763,14,1499.0,medium,technical_decline,False
mandate_00122,payer_00122,1,2025-03-26,26,2,16,False,Bank G (Tier3),0.723,6,199.0,low,,False
mandate_00122,payer_00122,2,2025-03-28,28,4,7,True,Bank A (Tier1),0.723,6,999.0,medium,insufficient_funds,False
mandate_00122,payer_00122,3,2025-03-30,30,6,10,True,Bank F (Tier2),0.723,6,299.0,low,insufficient_funds,False
mandate_00122,payer_00122,4,2025-04-03,3,3,7,True,Bank G (Tier3),0.723,6,1499.0,medium,technical_decline,False
mandate_00123,payer_00123,1,2025-11-13,13,3,12,False,Bank E (Tier2),0.886,16,2499.0,high,,False
mandate_00123,payer_00123,2,2025-11-14,14,4,13,False,Bank A (Tier1),0.886,16,999.0,medium,insufficient_funds,True
mandate_00124,payer_00124,1,2025-11-22,22,5,9,False,Bank F (Tier2),0.695,16,2499.0,high,,True
mandate_00125,payer_00125,1,2025-04-24,24,3,13,False,Bank A (Tier1),0.93,14,1499.0,medium,,True
mandate_00126,payer_00126,1,2025-01-16,16,3,21,False,Bank D (Tier2),0.418,31,199.0,low,,False
mandate_00126,payer_00126,2,2025-01-21,21,1,21,False,Bank H (Tier3),0.418,31,4999.0,high,technical_decline,False
mandate_00126,payer_00126,3,2025-01-25,25,5,9,False,Bank F (Tier2),0.418,31,199.0,low,technical_decline,False
mandate_00126,payer_00126,4,2025-01-29,29,2,22,True,Bank E (Tier2),0.418,31,1499.0,medium,insufficient_funds,False
mandate_00127,payer_00127,1,2025-04-14,14,0,15,False,Bank D (Tier2),0.724,18,2499.0,high,,True
mandate_00128,payer_00128,1,2025-08-28,28,3,7,True,Bank B (Tier1),0.52,8,1499.0,medium,,True
mandate_00129,payer_00129,1,2025-06-01,1,6,12,True,Bank G (Tier3),0.48,29,999.0,medium,,False
mandate_00129,payer_00129,2,2025-06-03,3,1,18,True,Bank D (Tier2),0.48,29,299.0,low,bank_server_error,True
mandate_00130,payer_00130,1,2025-04-28,28,0,13,True,Bank A (Tier1),0.628,2,499.0,low,,True
mandate_00131,payer_00131,1,2025-08-15,15,4,6,False,Bank H (Tier3),0.307,8,299.0,low,,True
mandate_00132,payer_00132,1,2025-08-25,25,0,20,False,Bank A (Tier1),0.732,23,299.0,low,,True
mandate_00133,payer_00133,1,2025-04-29,29,1,8,True,Bank A (Tier1),0.643,4,199.0,low,,True
mandate_00134,payer_00134,1,2025-09-14,14,6,12,False,Bank B (Tier1),0.748,35,999.0,medium,,True
mandate_00135,payer_00135,1,2025-01-14,14,1,22,False,Bank A (Tier1),0.614,35,4999.0,high,,True
mandate_00136,payer_00136,1,2026-02-05,5,3,12,False,Bank H (Tier3),0.553,34,199.0,low,,False
mandate_00136,payer_00136,2,2026-02-07,7,5,8,False,Bank H (Tier3),0.553,34,499.0,low,bank_server_error,True
mandate_00137,payer_00137,1,2025-06-13,13,4,12,False,Bank A (Tier1),0.483,35,4999.0,high,,False
mandate_00137,payer_00137,2,2025-06-18,18,2,17,False,Bank E (Tier2),0.483,35,299.0,low,insufficient_funds,True
mandate_00138,payer_00138,1,2025-05-20,20,1,10,False,Bank A (Tier1),0.666,7,2499.0,high,,True
mandate_00139,payer_00139,1,2026-01-23,23,4,7,False,Bank F (Tier2),0.321,7,1499.0,medium,,False
mandate_00139,payer_00139,2,2026-01-26,26,0,14,False,Bank F (Tier2),0.321,7,499.0,low,technical_decline,True
mandate_00140,payer_00140,1,2025-11-21,21,4,14,False,Bank F (Tier2),0.591,27,2499.0,high,,True
mandate_00141,payer_00141,1,2025-12-25,25,3,20,False,Bank H (Tier3),0.344,28,199.0,low,,True
mandate_00142,payer_00142,1,2025-05-02,2,4,11,True,Bank D (Tier2),0.142,31,199.0,low,,False
mandate_00142,payer_00142,2,2025-05-07,7,2,9,False,Bank G (Tier3),0.142,31,299.0,low,insufficient_funds,False
mandate_00142,payer_00142,3,2025-05-08,8,3,6,False,Bank B (Tier1),0.142,31,999.0,medium,insufficient_funds,False
mandate_00142,payer_00142,4,2025-05-12,12,0,21,False,Bank B (Tier1),0.142,31,1499.0,medium,bank_server_error,True
mandate_00143,payer_00143,1,2025-10-24,24,4,13,False,Bank B (Tier1),0.837,5,299.0,low,,True
mandate_00144,payer_00144,1,2026-05-26,26,1,9,False,Bank G (Tier3),0.631,34,999.0,medium,,False
mandate_00144,payer_00144,2,2026-05-30,30,5,10,True,Bank E (Tier2),0.631,34,2499.0,high,insufficient_funds,True
mandate_00145,payer_00145,1,2026-02-12,12,3,22,False,Bank A (Tier1),0.823,28,299.0,low,,True
mandate_00146,payer_00146,1,2025-10-27,27,0,11,False,Bank G (Tier3),0.464,23,199.0,low,,True
mandate_00147,payer_00147,1,2026-03-27,27,4,20,False,Bank B (Tier1),0.785,10,1499.0,medium,,True
mandate_00148,payer_00148,1,2026-06-19,19,4,18,False,Bank B (Tier1),0.694,4,299.0,low,,True
mandate_00149,payer_00149,1,2025-10-19,19,6,18,False,Bank A (Tier1),0.948,34,199.0,low,,False
mandate_00149,payer_00149,2,2025-10-23,23,3,10,False,Bank F (Tier2),0.948,34,999.0,medium,insufficient_funds,False
mandate_00149,payer_00149,3,2025-10-26,26,6,12,False,Bank B (Tier1),0.948,34,499.0,low,bank_server_error,False
mandate_00149,payer_00149,4,2025-10-28,28,1,8,True,Bank C (Tier1),0.948,34,499.0,low,bank_server_error,True
mandate_00150,payer_00150,1,2025-12-16,16,1,12,False,Bank G (Tier3),0.57,35,499.0,low,,True
mandate_00151,payer_00151,1,2025-02-05,5,2,16,False,Bank F (Tier2),0.551,34,2499.0,high,,True
mandate_00152,payer_00152,1,2026-05-06,6,2,17,False,Bank H (Tier3),0.384,1,499.0,low,,False
mandate_00152,payer_00152,2,2026-05-10,10,6,16,False,Bank D (Tier2),0.384,1,499.0,low,technical_decline,False
mandate_00152,payer_00152,3,2026-05-13,13,2,6,False,Bank E (Tier2),0.384,1,199.0,low,bank_server_error,False
mandate_00152,payer_00152,4,2026-05-17,17,6,9,False,Bank B (Tier1),0.384,1,2499.0,high,insufficient_funds,False
mandate_00153,payer_00153,1,2025-05-14,14,2,12,False,Bank H (Tier3),0.98,26,499.0,low,,True
mandate_00154,payer_00154,1,2025-03-20,20,3,11,False,Bank D (Tier2),0.71,5,2499.0,high,,False
mandate_00154,payer_00154,2,2025-03-21,21,4,21,False,Bank G (Tier3),0.71,5,199.0,low,bank_server_error,False
mandate_00154,payer_00154,3,2025-03-25,25,1,9,False,Bank B (Tier1),0.71,5,299.0,low,limit_exceeded,False
mandate_00154,payer_00154,4,2025-03-26,26,2,9,False,Bank C (Tier1),0.71,5,4999.0,high,technical_decline,False
mandate_00155,payer_00155,1,2026-04-23,23,3,20,False,Bank H (Tier3),0.561,5,299.0,low,,False
mandate_00155,payer_00155,2,2026-04-25,25,5,16,False,Bank C (Tier1),0.561,5,199.0,low,insufficient_funds,False
mandate_00155,payer_00155,3,2026-04-27,27,0,18,False,Bank H (Tier3),0.561,5,1499.0,medium,insufficient_funds,False
mandate_00155,payer_00155,4,2026-05-01,1,4,6,True,Bank B (Tier1),0.561,5,1499.0,medium,limit_exceeded,True
mandate_00156,payer_00156,1,2026-05-27,27,2,13,False,Bank F (Tier2),0.425,27,199.0,low,,True
mandate_00157,payer_00157,1,2026-03-19,19,3,17,False,Bank B (Tier1),0.471,30,299.0,low,,True
mandate_00158,payer_00158,1,2025-03-30,30,6,9,True,Bank B (Tier1),0.828,19,1499.0,medium,,True
mandate_00159,payer_00159,1,2026-02-05,5,3,9,False,Bank D (Tier2),0.569,34,4999.0,high,,True
mandate_00160,payer_00160,1,2026-05-08,8,4,20,False,Bank G (Tier3),0.346,25,999.0,medium,,False
mandate_00160,payer_00160,2,2026-05-09,9,5,13,False,Bank B (Tier1),0.346,25,499.0,low,bank_server_error,False
mandate_00160,payer_00160,3,2026-05-14,14,3,18,False,Bank F (Tier2),0.346,25,199.0,low,insufficient_funds,True
mandate_00161,payer_00161,1,2025-04-01,1,1,19,True,Bank C (Tier1),0.814,11,1499.0,medium,,True
mandate_00162,payer_00162,1,2025-03-09,9,6,21,False,Bank A (Tier1),0.853,25,2499.0,high,,False
mandate_00162,payer_00162,2,2025-03-14,14,4,7,False,Bank F (Tier2),0.853,25,199.0,low,insufficient_funds,True
mandate_00163,payer_00163,1,2025-11-25,25,1,16,False,Bank A (Tier1),0.782,33,2499.0,high,,True
mandate_00164,payer_00164,1,2025-11-02,2,6,11,True,Bank F (Tier2),0.511,30,4999.0,high,,True
mandate_00165,payer_00165,1,2025-01-22,22,2,21,False,Bank D (Tier2),0.523,8,1499.0,medium,,True
mandate_00166,payer_00166,1,2025-01-15,15,2,21,False,Bank A (Tier1),0.601,6,199.0,low,,True
mandate_00167,payer_00167,1,2026-02-01,1,6,6,True,Bank B (Tier1),0.152,2,1499.0,medium,,False
mandate_00167,payer_00167,2,2026-02-05,5,3,15,False,Bank E (Tier2),0.152,2,499.0,low,limit_exceeded,False
mandate_00167,payer_00167,3,2026-02-06,6,4,21,False,Bank H (Tier3),0.152,2,2499.0,high,insufficient_funds,False
mandate_00167,payer_00167,4,2026-02-07,7,5,9,False,Bank A (Tier1),0.152,2,199.0,low,limit_exceeded,False
mandate_00168,payer_00168,1,2026-06-14,14,6,17,False,Bank E (Tier2),0.375,9,2499.0,high,,True
mandate_00169,payer_00169,1,2025-03-21,21,4,10,False,Bank C (Tier1),0.32,3,2499.0,high,,False
mandate_00169,payer_00169,2,2025-03-22,22,5,22,False,Bank G (Tier3),0.32,3,199.0,low,bank_server_error,False
mandate_00169,payer_00169,3,2025-03-26,26,2,7,False,Bank D (Tier2),0.32,3,299.0,low,insufficient_funds,True
mandate_00170,payer_00170,1,2025-01-09,9,3,10,False,Bank H (Tier3),0.543,30,199.0,low,,True
mandate_00171,payer_00171,1,2025-06-05,5,3,21,False,Bank E (Tier2),0.79,31,1499.0,medium,,True
mandate_00172,payer_00172,1,2025-06-11,11,2,16,False,Bank G (Tier3),0.466,20,499.0,low,,False
mandate_00172,payer_00172,2,2025-06-16,16,0,14,False,Bank B (Tier1),0.466,20,4999.0,high,insufficient_funds,False
mandate_00172,payer_00172,3,2025-06-21,21,5,9,False,Bank E (Tier2),0.466,20,499.0,low,insufficient_funds,False
mandate_00172,payer_00172,4,2025-06-22,22,6,11,False,Bank D (Tier2),0.466,20,2499.0,high,limit_exceeded,False
mandate_00173,payer_00173,1,2026-06-04,4,3,22,False,Bank A (Tier1),0.652,23,4999.0,high,,False
mandate_00173,payer_00173,2,2026-06-07,7,6,9,False,Bank G (Tier3),0.652,23,1499.0,medium,insufficient_funds,True
mandate_00174,payer_00174,1,2025-09-21,21,6,6,False,Bank F (Tier2),0.88,1,999.0,medium,,True
mandate_00175,payer_00175,1,2026-04-03,3,4,8,True,Bank E (Tier2),0.162,10,1499.0,medium,,False
mandate_00175,payer_00175,2,2026-04-06,6,0,15,False,Bank F (Tier2),0.162,10,2499.0,high,technical_decline,True
mandate_00176,payer_00176,1,2025-07-22,22,1,20,False,Bank D (Tier2),0.847,3,2499.0,high,,False
mandate_00176,payer_00176,2,2025-07-25,25,4,22,False,Bank B (Tier1),0.847,3,4999.0,high,insufficient_funds,True
mandate_00177,payer_00177,1,2025-04-23,23,2,11,False,Bank E (Tier2),0.117,23,199.0,low,,False
mandate_00177,payer_00177,2,2025-04-24,24,3,10,False,Bank E (Tier2),0.117,23,999.0,medium,insufficient_funds,False
mandate_00177,payer_00177,3,2025-04-25,25,4,11,False,Bank C (Tier1),0.117,23,199.0,low,technical_decline,False
mandate_00177,payer_00177,4,2025-04-26,26,5,20,False,Bank E (Tier2),0.117,23,299.0,low,bank_server_error,False
mandate_00178,payer_00178,1,2025-05-02,2,4,10,True,Bank H (Tier3),0.747,14,999.0,medium,,True
mandate_00179,payer_00179,1,2025-04-13,13,6,15,False,Bank D (Tier2),0.235,4,499.0,low,,False
mandate_00179,payer_00179,2,2025-04-18,18,4,8,False,Bank G (Tier3),0.235,4,499.0,low,account_frozen,False
mandate_00179,payer_00179,3,2025-04-23,23,2,21,False,Bank E (Tier2),0.235,4,2499.0,high,insufficient_funds,True
mandate_00180,payer_00180,1,2026-02-27,27,4,11,False,Bank A (Tier1),0.583,10,199.0,low,,True
mandate_00181,payer_00181,1,2026-05-26,26,1,8,False,Bank F (Tier2),0.932,23,999.0,medium,,True
mandate_00182,payer_00182,1,2025-12-31,31,2,11,True,Bank E (Tier2),0.907,16,199.0,low,,True
mandate_00183,payer_00183,1,2025-08-06,6,2,6,False,Bank D (Tier2),0.661,21,199.0,low,,False
mandate_00183,payer_00183,2,2025-08-11,11,0,13,False,Bank D (Tier2),0.661,21,2499.0,high,bank_server_error,False
mandate_00183,payer_00183,3,2025-08-13,13,2,8,False,Bank C (Tier1),0.661,21,4999.0,high,insufficient_funds,False
mandate_00183,payer_00183,4,2025-08-18,18,0,15,False,Bank F (Tier2),0.661,21,4999.0,high,insufficient_funds,False
mandate_00184,payer_00184,1,2025-03-17,17,0,22,False,Bank F (Tier2),0.835,17,299.0,low,,False
mandate_00184,payer_00184,2,2025-03-22,22,5,7,False,Bank A (Tier1),0.835,17,199.0,low,technical_decline,True
mandate_00185,payer_00185,1,2026-01-13,13,1,21,False,Bank D (Tier2),0.758,19,999.0,medium,,False
mandate_00185,payer_00185,2,2026-01-15,15,3,18,False,Bank D (Tier2),0.758,19,299.0,low,bank_server_error,True
mandate_00186,payer_00186,1,2025-02-25,25,1,11,False,Bank A (Tier1),0.908,35,999.0,medium,,True
mandate_00187,payer_00187,1,2026-01-26,26,0,10,False,Bank G (Tier3),0.583,11,199.0,low,,False
mandate_00187,payer_00187,2,2026-01-31,31,5,14,True,Bank B (Tier1),0.583,11,499.0,low,technical_decline,False
mandate_00187,payer_00187,3,2026-02-03,3,1,9,True,Bank E (Tier2),0.583,11,2499.0,high,insufficient_funds,False
mandate_00187,payer_00187,4,2026-02-06,6,4,11,False,Bank E (Tier2),0.583,11,4999.0,high,bank_server_error,True
mandate_00188,payer_00188,1,2025-06-22,22,6,6,False,Bank B (Tier1),0.467,35,299.0,low,,False
mandate_00188,payer_00188,2,2025-06-23,23,0,18,False,Bank F (Tier2),0.467,35,1499.0,medium,account_frozen,False
mandate_00188,payer_00188,3,2025-06-28,28,5,6,True,Bank A (Tier1),0.467,35,999.0,medium,technical_decline,False
mandate_00188,payer_00188,4,2025-06-29,29,6,6,True,Bank H (Tier3),0.467,35,199.0,low,limit_exceeded,True
mandate_00189,payer_00189,1,2025-07-10,10,3,18,False,Bank C (Tier1),0.593,15,199.0,low,,True
mandate_00190,payer_00190,1,2026-02-15,15,6,22,False,Bank C (Tier1),0.771,34,2499.0,high,,False
mandate_00190,payer_00190,2,2026-02-18,18,2,17,False,Bank E (Tier2),0.771,34,499.0,low,technical_decline,False
mandate_00190,payer_00190,3,2026-02-21,21,5,13,False,Bank E (Tier2),0.771,34,299.0,low,bank_server_error,False
mandate_00190,payer_00190,4,2026-02-24,24,1,9,False,Bank F (Tier2),0.771,34,1499.0,medium,bank_server_error,True
mandate_00191,payer_00191,1,2026-01-05,5,0,6,False,Bank E (Tier2),0.661,2,4999.0,high,,False
mandate_00191,payer_00191,2,2026-01-08,8,3,18,False,Bank F (Tier2),0.661,2,2499.0,high,insufficient_funds,False
mandate_00191,payer_00191,3,2026-01-12,12,0,6,False,Bank E (Tier2),0.661,2,499.0,low,bank_server_error,False
mandate_00191,payer_00191,4,2026-01-16,16,4,16,False,Bank G (Tier3),0.661,2,999.0,medium,limit_exceeded,False
mandate_00192,payer_00192,1,2025-03-09,9,6,13,False,Bank H (Tier3),0.509,13,4999.0,high,,False
mandate_00192,payer_00192,2,2025-03-14,14,4,19,False,Bank E (Tier2),0.509,13,2499.0,high,insufficient_funds,False
mandate_00192,payer_00192,3,2025-03-17,17,0,22,False,Bank D (Tier2),0.509,13,499.0,low,technical_decline,True
mandate_00193,payer_00193,1,2025-08-25,25,0,6,False,Bank D (Tier2),0.569,21,999.0,medium,,True
mandate_00194,payer_00194,1,2025-12-09,9,1,16,False,Bank G (Tier3),0.906,9,1499.0,medium,,True
mandate_00195,payer_00195,1,2025-05-05,5,0,15,False,Bank H (Tier3),0.551,29,2499.0,high,,True
mandate_00196,payer_00196,1,2025-12-23,23,1,22,False,Bank D (Tier2),0.943,35,999.0,medium,,False
mandate_00196,payer_00196,2,2025-12-28,28,6,11,True,Bank E (Tier2),0.943,35,299.0,low,limit_exceeded,True
mandate_00197,payer_00197,1,2026-05-28,28,3,14,True,Bank H (Tier3),0.358,19,999.0,medium,,False
mandate_00197,payer_00197,2,2026-06-01,1,0,9,True,Bank H (Tier3),0.358,19,4999.0,high,technical_decline,False
mandate_00197,payer_00197,3,2026-06-02,2,1,9,True,Bank G (Tier3),0.358,19,999.0,medium,insufficient_funds,True
mandate_00198,payer_00198,1,2025-06-17,17,1,11,False,Bank D (Tier2),0.472,27,299.0,low,,False
mandate_00198,payer_00198,2,2025-06-21,21,5,6,False,Bank A (Tier1),0.472,27,2499.0,high,limit_exceeded,True
mandate_00199,payer_00199,1,2026-02-23,23,0,19,False,Bank H (Tier3),0.715,19,4999.0,high,,False
mandate_00199,payer_00199,2,2026-02-25,25,2,7,False,Bank G (Tier3),0.715,19,499.0,low,insufficient_funds,True
mandate_00200,payer_00200,1,2025-06-29,29,6,20,True,Bank H (Tier3),0.617,2,999.0,medium,,False
mandate_00200,payer_00200,2,2025-07-03,3,3,6,True,Bank A (Tier1),0.617,2,499.0,low,insufficient_funds,False
mandate_00200,payer_00200,3,2025-07-06,6,6,10,False,Bank A (Tier1),0.617,2,299.0,low,account_frozen,True
mandate_00201,payer_00201,1,2025-08-07,7,3,6,False,Bank E (Tier2),0.337,5,499.0,low,,False
mandate_00201,payer_00201,2,2025-08-12,12,1,11,False,Bank B (Tier1),0.337,5,2499.0,high,insufficient_funds,False
mandate_00201,payer_00201,3,2025-08-16,16,5,12,False,Bank G (Tier3),0.337,5,999.0,medium,account_frozen,False
mandate_00201,payer_00201,4,2025-08-20,20,2,9,False,Bank E (Tier2),0.337,5,299.0,low,bank_server_error,False
mandate_00202,payer_00202,1,2025-08-15,15,4,7,False,Bank E (Tier2),0.769,21,499.0,low,,True
mandate_00203,payer_00203,1,2025-10-03,3,4,18,True,Bank B (Tier1),0.617,13,999.0,medium,,True
mandate_00204,payer_00204,1,2025-01-17,17,4,11,False,Bank G (Tier3),0.65,16,299.0,low,,True
mandate_00205,payer_00205,1,2026-02-21,21,5,21,False,Bank B (Tier1),0.89,30,499.0,low,,True
mandate_00206,payer_00206,1,2025-06-18,18,2,13,False,Bank B (Tier1),0.254,25,4999.0,high,,True
mandate_00207,payer_00207,1,2026-05-15,15,4,10,False,Bank H (Tier3),0.542,5,4999.0,high,,False
mandate_00207,payer_00207,2,2026-05-19,19,1,12,False,Bank A (Tier1),0.542,5,4999.0,high,bank_server_error,False
mandate_00207,payer_00207,3,2026-05-23,23,5,21,False,Bank C (Tier1),0.542,5,499.0,low,bank_server_error,False
mandate_00207,payer_00207,4,2026-05-27,27,2,6,False,Bank B (Tier1),0.542,5,4999.0,high,insufficient_funds,True
mandate_00208,payer_00208,1,2026-02-02,2,0,18,True,Bank B (Tier1),0.597,16,999.0,medium,,False
mandate_00208,payer_00208,2,2026-02-03,3,1,6,True,Bank C (Tier1),0.597,16,1499.0,medium,bank_server_error,True
mandate_00209,payer_00209,1,2025-05-10,10,5,10,False,Bank D (Tier2),0.52,12,2499.0,high,,True
mandate_00210,payer_00210,1,2025-06-13,13,4,10,False,Bank H (Tier3),0.629,13,199.0,low,,False
mandate_00210,payer_00210,2,2025-06-14,14,5,10,False,Bank C (Tier1),0.629,13,299.0,low,technical_decline,False
mandate_00210,payer_00210,3,2025-06-18,18,2,22,False,Bank G (Tier3),0.629,13,4999.0,high,technical_decline,False
mandate_00210,payer_00210,4,2025-06-20,20,4,19,False,Bank G (Tier3),0.629,13,2499.0,high,bank_server_error,False
mandate_00211,payer_00211,1,2026-01-05,5,0,18,False,Bank D (Tier2),0.617,1,2499.0,high,,False
mandate_00211,payer_00211,2,2026-01-10,10,5,18,False,Bank F (Tier2),0.617,1,199.0,low,bank_server_error,False
mandate_00211,payer_00211,3,2026-01-14,14,2,18,False,Bank B (Tier1),0.617,1,1499.0,medium,limit_exceeded,False
mandate_00211,payer_00211,4,2026-01-19,19,0,9,False,Bank D (Tier2),0.617,1,1499.0,medium,bank_server_error,False
mandate_00212,payer_00212,1,2025-02-19,19,2,10,False,Bank F (Tier2),0.963,16,299.0,low,,True
mandate_00213,payer_00213,1,2026-04-14,14,1,18,False,Bank D (Tier2),0.461,31,199.0,low,,True
mandate_00214,payer_00214,1,2025-09-04,4,3,10,False,Bank B (Tier1),0.44,24,299.0,low,,True
mandate_00215,payer_00215,1,2025-09-18,18,3,11,False,Bank A (Tier1),0.946,6,499.0,low,,True
mandate_00216,payer_00216,1,2025-05-16,16,4,17,False,Bank C (Tier1),0.706,2,299.0,low,,False
mandate_00216,payer_00216,2,2025-05-19,19,0,13,False,Bank G (Tier3),0.706,2,1499.0,medium,insufficient_funds,True
mandate_00217,payer_00217,1,2026-03-09,9,0,22,False,Bank G (Tier3),0.706,16,199.0,low,,False
mandate_00217,payer_00217,2,2026-03-12,12,3,17,False,Bank D (Tier2),0.706,16,299.0,low,insufficient_funds,True
mandate_00218,payer_00218,1,2026-05-22,22,4,9,False,Bank F (Tier2),0.143,34,199.0,low,,True
mandate_00219,payer_00219,1,2025-02-24,24,0,15,False,Bank F (Tier2),0.746,2,999.0,medium,,True
mandate_00220,payer_00220,1,2025-12-21,21,6,9,False,Bank A (Tier1),0.471,27,299.0,low,,True
mandate_00221,payer_00221,1,2025-01-28,28,1,19,True,Bank F (Tier2),0.717,18,299.0,low,,True
mandate_00222,payer_00222,1,2025-12-10,10,2,15,False,Bank A (Tier1),0.525,21,4999.0,high,,True
mandate_00223,payer_00223,1,2026-06-26,26,4,8,False,Bank B (Tier1),0.57,24,499.0,low,,True
mandate_00224,payer_00224,1,2026-01-10,10,5,6,False,Bank E (Tier2),0.866,27,999.0,medium,,True
mandate_00225,payer_00225,1,2025-03-12,12,2,16,False,Bank H (Tier3),0.356,20,499.0,low,,False
mandate_00225,payer_00225,2,2025-03-16,16,6,10,False,Bank D (Tier2),0.356,20,299.0,low,insufficient_funds,False
mandate_00225,payer_00225,3,2025-03-20,20,3,12,False,Bank C (Tier1),0.356,20,2499.0,high,bank_server_error,False
mandate_00225,payer_00225,4,2025-03-24,24,0,14,False,Bank H (Tier3),0.356,20,4999.0,high,insufficient_funds,False
mandate_00226,payer_00226,1,2025-06-04,4,2,10,False,Bank D (Tier2),0.541,25,999.0,medium,,True
mandate_00227,payer_00227,1,2025-05-24,24,5,8,False,Bank G (Tier3),0.225,31,299.0,low,,True
mandate_00228,payer_00228,1,2025-08-27,27,2,17,False,Bank A (Tier1),0.211,14,4999.0,high,,False
mandate_00228,payer_00228,2,2025-08-29,29,4,8,True,Bank B (Tier1),0.211,14,999.0,medium,insufficient_funds,True
mandate_00229,payer_00229,1,2025-12-05,5,4,8,False,Bank A (Tier1),0.833,13,2499.0,high,,True
mandate_00230,payer_00230,1,2025-03-26,26,2,19,False,Bank A (Tier1),0.64,15,4999.0,high,,False
mandate_00230,payer_00230,2,2025-03-29,29,5,22,True,Bank D (Tier2),0.64,15,299.0,low,technical_decline,False
mandate_00230,payer_00230,3,2025-04-03,3,3,14,True,Bank B (Tier1),0.64,15,4999.0,high,bank_server_error,True
mandate_00231,payer_00231,1,2025-03-19,19,2,16,False,Bank H (Tier3),0.784,7,4999.0,high,,False
mandate_00231,payer_00231,2,2025-03-22,22,5,18,False,Bank A (Tier1),0.784,7,299.0,low,insufficient_funds,True
mandate_00232,payer_00232,1,2026-03-19,19,3,19,False,Bank F (Tier2),0.319,25,199.0,low,,False
mandate_00232,payer_00232,2,2026-03-20,20,4,19,False,Bank D (Tier2),0.319,25,999.0,medium,insufficient_funds,False
mandate_00232,payer_00232,3,2026-03-25,25,2,15,False,Bank D (Tier2),0.319,25,4999.0,high,insufficient_funds,False
mandate_00232,payer_00232,4,2026-03-30,30,0,10,True,Bank C (Tier1),0.319,25,4999.0,high,bank_server_error,False
mandate_00233,payer_00233,1,2026-02-12,12,3,7,False,Bank A (Tier1),0.543,17,2499.0,high,,False
mandate_00233,payer_00233,2,2026-02-17,17,1,14,False,Bank A (Tier1),0.543,17,1499.0,medium,bank_server_error,True
mandate_00234,payer_00234,1,2025-08-09,9,5,12,False,Bank A (Tier1),0.819,7,999.0,medium,,True
mandate_00235,payer_00235,1,2025-02-09,9,6,20,False,Bank B (Tier1),0.434,26,299.0,low,,True
mandate_00236,payer_00236,1,2026-04-13,13,0,11,False,Bank D (Tier2),0.586,36,499.0,low,,False
mandate_00236,payer_00236,2,2026-04-18,18,5,22,False,Bank E (Tier2),0.586,36,299.0,low,insufficient_funds,True
mandate_00237,payer_00237,1,2025-07-05,5,5,8,False,Bank A (Tier1),0.434,28,499.0,low,,True
mandate_00238,payer_00238,1,2026-01-15,15,3,8,False,Bank D (Tier2),0.621,17,1499.0,medium,,True
mandate_00239,payer_00239,1,2025-11-09,9,6,18,False,Bank D (Tier2),0.432,32,299.0,low,,True
mandate_00240,payer_00240,1,2025-04-18,18,4,14,False,Bank A (Tier1),0.711,35,1499.0,medium,,True
mandate_00241,payer_00241,1,2025-01-29,29,2,6,True,Bank B (Tier1),0.325,24,1499.0,medium,,True
mandate_00242,payer_00242,1,2025-07-23,23,2,22,False,Bank H (Tier3),0.508,35,999.0,medium,,False
mandate_00242,payer_00242,2,2025-07-28,28,0,10,True,Bank B (Tier1),0.508,35,499.0,low,insufficient_funds,True
mandate_00243,payer_00243,1,2025-01-08,8,2,18,False,Bank B (Tier1),0.672,27,1499.0,medium,,False
mandate_00243,payer_00243,2,2025-01-10,10,4,7,False,Bank B (Tier1),0.672,27,999.0,medium,bank_server_error,True
mandate_00244,payer_00244,1,2025-09-28,28,6,8,True,Bank B (Tier1),0.631,35,4999.0,high,,True
mandate_00245,payer_00245,1,2025-05-19,19,0,19,False,Bank B (Tier1),0.373,18,999.0,medium,,False
mandate_00245,payer_00245,2,2025-05-22,22,3,11,False,Bank B (Tier1),0.373,18,499.0,low,technical_decline,False
mandate_00245,payer_00245,3,2025-05-25,25,6,16,False,Bank F (Tier2),0.373,18,1499.0,medium,insufficient_funds,False
mandate_00245,payer_00245,4,2025-05-28,28,2,15,True,Bank E (Tier2),0.373,18,299.0,low,technical_decline,True
mandate_00246,payer_00246,1,2025-10-18,18,5,21,False,Bank G (Tier3),0.677,3,499.0,low,,True
mandate_00247,payer_00247,1,2025-08-30,30,5,10,True,Bank D (Tier2),0.486,29,999.0,medium,,True
mandate_00248,payer_00248,1,2025-02-15,15,5,9,False,Bank H (Tier3),0.345,17,2499.0,high,,False
mandate_00248,payer_00248,2,2025-02-19,19,2,10,False,Bank G (Tier3),0.345,17,299.0,low,technical_decline,False
mandate_00248,payer_00248,3,2025-02-22,22,5,18,False,Bank F (Tier2),0.345,17,4999.0,high,limit_exceeded,False
mandate_00248,payer_00248,4,2025-02-23,23,6,17,False,Bank C (Tier1),0.345,17,2499.0,high,insufficient_funds,False
mandate_00249,payer_00249,1,2025-12-20,20,5,8,False,Bank D (Tier2),0.854,30,4999.0,high,,True
mandate_00250,payer_00250,1,2025-08-26,26,1,21,False,Bank B (Tier1),0.658,34,1499.0,medium,,True
mandate_00251,payer_00251,1,2025-09-04,4,3,15,False,Bank C (Tier1),0.469,25,999.0,medium,,False
mandate_00251,payer_00251,2,2025-09-05,5,4,14,False,Bank B (Tier1),0.469,25,199.0,low,insufficient_funds,False
mandate_00251,payer_00251,3,2025-09-06,6,5,11,False,Bank B (Tier1),0.469,25,299.0,low,account_frozen,False
mandate_00251,payer_00251,4,2025-09-09,9,1,16,False,Bank C (Tier1),0.469,25,4999.0,high,technical_decline,False
mandate_00252,payer_00252,1,2026-01-04,4,6,6,False,Bank F (Tier2),0.574,15,199.0,low,,False
mandate_00252,payer_00252,2,2026-01-08,8,3,19,False,Bank G (Tier3),0.574,15,4999.0,high,insufficient_funds,False
mandate_00252,payer_00252,3,2026-01-13,13,1,22,False,Bank G (Tier3),0.574,15,1499.0,medium,limit_exceeded,False
mandate_00252,payer_00252,4,2026-01-15,15,3,12,False,Bank H (Tier3),0.574,15,499.0,low,bank_server_error,True
mandate_00253,payer_00253,1,2026-03-16,16,0,14,False,Bank G (Tier3),0.945,29,999.0,medium,,True
mandate_00254,payer_00254,1,2026-05-12,12,1,14,False,Bank D (Tier2),0.327,16,299.0,low,,False
mandate_00254,payer_00254,2,2026-05-16,16,5,16,False,Bank G (Tier3),0.327,16,1499.0,medium,insufficient_funds,True
mandate_00255,payer_00255,1,2025-08-02,2,5,10,True,Bank D (Tier2),0.597,1,499.0,low,,True
mandate_00256,payer_00256,1,2025-02-12,12,2,14,False,Bank B (Tier1),0.686,26,499.0,low,,True
mandate_00257,payer_00257,1,2025-10-21,21,1,21,False,Bank A (Tier1),0.559,33,499.0,low,,True
mandate_00258,payer_00258,1,2025-12-30,30,1,14,True,Bank C (Tier1),0.759,29,999.0,medium,,True
mandate_00259,payer_00259,1,2026-04-15,15,2,12,False,Bank A (Tier1),0.519,31,4999.0,high,,True
mandate_00260,payer_00260,1,2025-04-20,20,6,10,False,Bank H (Tier3),0.689,20,1499.0,medium,,False
mandate_00260,payer_00260,2,2025-04-22,22,1,17,False,Bank H (Tier3),0.689,20,4999.0,high,insufficient_funds,False
mandate_00260,payer_00260,3,2025-04-27,27,6,14,False,Bank D (Tier2),0.689,20,1499.0,medium,insufficient_funds,True
mandate_00261,payer_00261,1,2026-05-17,17,6,14,False,Bank A (Tier1),0.852,32,4999.0,high,,False
mandate_00261,payer_00261,2,2026-05-21,21,3,22,False,Bank B (Tier1),0.852,32,2499.0,high,insufficient_funds,False
mandate_00261,payer_00261,3,2026-05-24,24,6,9,False,Bank A (Tier1),0.852,32,1499.0,medium,bank_server_error,True
mandate_00262,payer_00262,1,2025-01-16,16,3,9,False,Bank G (Tier3),0.755,16,2499.0,high,,False
mandate_00262,payer_00262,2,2025-01-17,17,4,12,False,Bank F (Tier2),0.755,16,299.0,low,bank_server_error,True
mandate_00263,payer_00263,1,2025-02-16,16,6,11,False,Bank F (Tier2),0.766,30,299.0,low,,False
mandate_00263,payer_00263,2,2025-02-17,17,0,11,False,Bank A (Tier1),0.766,30,2499.0,high,technical_decline,True
mandate_00264,payer_00264,1,2026-01-25,25,6,22,False,Bank B (Tier1),0.627,5,1499.0,medium,,False
mandate_00264,payer_00264,2,2026-01-28,28,2,19,True,Bank F (Tier2),0.627,5,499.0,low,insufficient_funds,True
mandate_00265,payer_00265,1,2026-03-17,17,1,16,False,Bank E (Tier2),0.761,21,4999.0,high,,False
mandate_00265,payer_00265,2,2026-03-21,21,5,18,False,Bank D (Tier2),0.761,21,999.0,medium,insufficient_funds,False
mandate_00265,payer_00265,3,2026-03-26,26,3,10,False,Bank G (Tier3),0.761,21,299.0,low,bank_server_error,True
mandate_00266,payer_00266,1,2025-07-05,5,5,7,False,Bank G (Tier3),0.717,13,1499.0,medium,,False
mandate_00266,payer_00266,2,2025-07-10,10,3,18,False,Bank H (Tier3),0.717,13,299.0,low,account_frozen,False
mandate_00266,payer_00266,3,2025-07-15,15,1,13,False,Bank D (Tier2),0.717,13,499.0,low,limit_exceeded,False
mandate_00266,payer_00266,4,2025-07-18,18,4,8,False,Bank D (Tier2),0.717,13,4999.0,high,insufficient_funds,False
mandate_00267,payer_00267,1,2025-10-05,5,6,21,False,Bank G (Tier3),0.859,5,499.0,low,,True
mandate_00268,payer_00268,1,2025-06-07,7,5,8,False,Bank E (Tier2),0.818,11,2499.0,high,,True
mandate_00269,payer_00269,1,2026-06-29,29,0,21,True,Bank H (Tier3),0.768,17,299.0,low,,True
mandate_00270,payer_00270,1,2025-11-27,27,3,19,False,Bank E (Tier2),0.21,35,999.0,medium,,False
mandate_00270,payer_00270,2,2025-12-02,2,1,19,True,Bank F (Tier2),0.21,35,999.0,medium,insufficient_funds,False
mandate_00270,payer_00270,3,2025-12-05,5,4,8,False,Bank A (Tier1),0.21,35,299.0,low,technical_decline,True
mandate_00271,payer_00271,1,2025-01-08,8,2,20,False,Bank D (Tier2),0.792,28,1499.0,medium,,False
mandate_00271,payer_00271,2,2025-01-12,12,6,21,False,Bank E (Tier2),0.792,28,999.0,medium,insufficient_funds,False
mandate_00271,payer_00271,3,2025-01-15,15,2,6,False,Bank E (Tier2),0.792,28,2499.0,high,bank_server_error,True
mandate_00272,payer_00272,1,2025-12-04,4,3,18,False,Bank A (Tier1),0.848,21,199.0,low,,False
mandate_00272,payer_00272,2,2025-12-08,8,0,20,False,Bank A (Tier1),0.848,21,4999.0,high,insufficient_funds,True
mandate_00273,payer_00273,1,2025-09-16,16,1,14,False,Bank A (Tier1),0.294,12,2499.0,high,,True
mandate_00274,payer_00274,1,2026-01-08,8,3,15,False,Bank B (Tier1),0.479,23,999.0,medium,,False
mandate_00274,payer_00274,2,2026-01-12,12,0,20,False,Bank D (Tier2),0.479,23,999.0,medium,account_frozen,True
mandate_00275,payer_00275,1,2025-11-17,17,0,10,False,Bank H (Tier3),0.884,24,199.0,low,,True
mandate_00276,payer_00276,1,2026-01-13,13,1,10,False,Bank F (Tier2),0.839,13,1499.0,medium,,False
mandate_00276,payer_00276,2,2026-01-18,18,6,12,False,Bank A (Tier1),0.839,13,2499.0,high,insufficient_funds,True
mandate_00277,payer_00277,1,2025-09-17,17,2,8,False,Bank C (Tier1),0.589,32,4999.0,high,,True
mandate_00278,payer_00278,1,2025-04-25,25,4,18,False,Bank F (Tier2),0.613,23,299.0,low,,True
mandate_00279,payer_00279,1,2025-04-17,17,3,9,False,Bank C (Tier1),0.248,16,499.0,low,,False
mandate_00279,payer_00279,2,2025-04-20,20,6,20,False,Bank B (Tier1),0.248,16,499.0,low,limit_exceeded,True
mandate_00280,payer_00280,1,2026-01-29,29,3,17,True,Bank D (Tier2),0.256,25,299.0,low,,False
mandate_00280,payer_00280,2,2026-02-01,1,6,20,True,Bank B (Tier1),0.256,25,2499.0,high,insufficient_funds,False
mandate_00280,payer_00280,3,2026-02-05,5,3,13,False,Bank B (Tier1),0.256,25,2499.0,high,insufficient_funds,False
mandate_00280,payer_00280,4,2026-02-07,7,5,14,False,Bank B (Tier1),0.256,25,4999.0,high,insufficient_funds,False
mandate_00281,payer_00281,1,2025-12-09,9,1,22,False,Bank G (Tier3),0.879,33,299.0,low,,True
mandate_00282,payer_00282,1,2025-10-19,19,6,9,False,Bank C (Tier1),0.758,16,1499.0,medium,,True
mandate_00283,payer_00283,1,2025-05-19,19,0,15,False,Bank B (Tier1),0.525,24,499.0,low,,True
mandate_00284,payer_00284,1,2025-03-17,17,0,20,False,Bank H (Tier3),0.717,34,2499.0,high,,False
mandate_00284,payer_00284,2,2025-03-22,22,5,11,False,Bank B (Tier1),0.717,34,2499.0,high,insufficient_funds,True
mandate_00285,payer_00285,1,2025-06-11,11,2,21,False,Bank G (Tier3),0.568,35,1499.0,medium,,False
mandate_00285,payer_00285,2,2025-06-14,14,5,18,False,Bank E (Tier2),0.568,35,999.0,medium,account_frozen,False
mandate_00285,payer_00285,3,2025-06-15,15,6,14,False,Bank F (Tier2),0.568,35,499.0,low,bank_server_error,True
mandate_00286,payer_00286,1,2025-06-18,18,2,18,False,Bank G (Tier3),0.78,36,199.0,low,,True
mandate_00287,payer_00287,1,2025-08-18,18,0,8,False,Bank B (Tier1),0.775,17,4999.0,high,,False
mandate_00287,payer_00287,2,2025-08-23,23,5,21,False,Bank H (Tier3),0.775,17,299.0,low,bank_server_error,True
mandate_00288,payer_00288,1,2025-06-02,2,0,15,True,Bank F (Tier2),0.905,23,499.0,low,,True
mandate_00289,payer_00289,1,2025-09-02,2,1,20,True,Bank E (Tier2),0.459,14,999.0,medium,,False
mandate_00289,payer_00289,2,2025-09-06,6,5,7,False,Bank G (Tier3),0.459,14,299.0,low,bank_server_error,False
mandate_00289,payer_00289,3,2025-09-11,11,3,18,False,Bank H (Tier3),0.459,14,2499.0,high,bank_server_error,False
mandate_00289,payer_00289,4,2025-09-12,12,4,20,False,Bank D (Tier2),0.459,14,299.0,low,bank_server_error,True
mandate_00290,payer_00290,1,2026-02-26,26,3,6,False,Bank D (Tier2),0.865,18,1499.0,medium,,True
mandate_00291,payer_00291,1,2025-03-13,13,3,11,False,Bank G (Tier3),0.87,15,199.0,low,,True
mandate_00292,payer_00292,1,2026-06-17,17,2,9,False,Bank A (Tier1),0.279,6,199.0,low,,True
mandate_00293,payer_00293,1,2025-06-13,13,4,7,False,Bank B (Tier1),0.394,1,2499.0,high,,False
mandate_00293,payer_00293,2,2025-06-16,16,0,6,False,Bank E (Tier2),0.394,1,2499.0,high,bank_server_error,True
mandate_00294,payer_00294,1,2026-01-31,31,5,11,True,Bank G (Tier3),0.448,20,1499.0,medium,,True
mandate_00295,payer_00295,1,2025-03-04,4,1,13,False,Bank F (Tier2),0.913,29,199.0,low,,True
mandate_00296,payer_00296,1,2026-04-18,18,5,22,False,Bank A (Tier1),0.708,33,499.0,low,,True
mandate_00297,payer_00297,1,2026-01-20,20,1,8,False,Bank B (Tier1),0.828,18,4999.0,high,,True
mandate_00298,payer_00298,1,2026-02-01,1,6,17,True,Bank A (Tier1),0.188,18,999.0,medium,,False
mandate_00298,payer_00298,2,2026-02-04,4,2,12,False,Bank A (Tier1),0.188,18,2499.0,high,insufficient_funds,True
mandate_00299,payer_00299,1,2026-01-20,20,1,8,False,Bank G (Tier3),0.556,2,199.0,low,,False
mandate_00299,payer_00299,2,2026-01-24,24,5,14,False,Bank E (Tier2),0.556,2,999.0,medium,insufficient_funds,True
mandate_00300,payer_00300,1,2025-06-15,15,6,9,False,Bank G (Tier3),0.828,12,2499.0,high,,True
mandate_00301,payer_00301,1,2025-11-19,19,2,17,False,Bank F (Tier2),0.878,5,199.0,low,,False
mandate_00301,payer_00301,2,2025-11-23,23,6,14,False,Bank G (Tier3),0.878,5,199.0,low,technical_decline,False
mandate_00301,payer_00301,3,2025-11-28,28,4,22,True,Bank D (Tier2),0.878,5,299.0,low,technical_decline,True
mandate_00302,payer_00302,1,2026-02-03,3,1,9,True,Bank D (Tier2),0.575,6,299.0,low,,True
mandate_00303,payer_00303,1,2025-07-04,4,4,12,False,Bank H (Tier3),0.919,4,4999.0,high,,True
mandate_00304,payer_00304,1,2025-12-22,22,0,7,False,Bank B (Tier1),0.56,25,2499.0,high,,False
mandate_00304,payer_00304,2,2025-12-23,23,1,19,False,Bank D (Tier2),0.56,25,1499.0,medium,bank_server_error,True
mandate_00305,payer_00305,1,2025-06-26,26,3,14,False,Bank D (Tier2),0.48,31,1499.0,medium,,False
mandate_00305,payer_00305,2,2025-07-01,1,1,16,True,Bank A (Tier1),0.48,31,4999.0,high,insufficient_funds,True
mandate_00306,payer_00306,1,2025-12-07,7,6,10,False,Bank B (Tier1),0.711,33,499.0,low,,True
mandate_00307,payer_00307,1,2026-01-20,20,1,20,False,Bank A (Tier1),0.77,28,1499.0,medium,,True
mandate_00308,payer_00308,1,2025-07-05,5,5,6,False,Bank B (Tier1),0.729,35,199.0,low,,True
mandate_00309,payer_00309,1,2025-11-08,8,5,9,False,Bank H (Tier3),0.708,22,4999.0,high,,False
mandate_00309,payer_00309,2,2025-11-10,10,0,8,False,Bank G (Tier3),0.708,22,999.0,medium,technical_decline,False
mandate_00309,payer_00309,3,2025-11-11,11,1,13,False,Bank E (Tier2),0.708,22,199.0,low,bank_server_error,False
mandate_00309,payer_00309,4,2025-11-12,12,2,15,False,Bank A (Tier1),0.708,22,999.0,medium,insufficient_funds,False
mandate_00310,payer_00310,1,2026-04-23,23,3,8,False,Bank B (Tier1),0.844,20,1499.0,medium,,True
mandate_00311,payer_00311,1,2025-01-20,20,0,6,False,Bank A (Tier1),0.864,29,1499.0,medium,,True
mandate_00312,payer_00312,1,2025-03-02,2,6,6,True,Bank H (Tier3),0.834,30,4999.0,high,,False
mandate_00312,payer_00312,2,2025-03-04,4,1,10,False,Bank C (Tier1),0.834,30,499.0,low,bank_server_error,True
mandate_00313,payer_00313,1,2025-09-05,5,4,18,False,Bank B (Tier1),0.808,3,499.0,low,,True
mandate_00314,payer_00314,1,2025-08-18,18,0,10,False,Bank D (Tier2),0.968,24,499.0,low,,False
mandate_00314,payer_00314,2,2025-08-21,21,3,12,False,Bank C (Tier1),0.968,24,4999.0,high,insufficient_funds,True
mandate_00315,payer_00315,1,2025-10-01,1,2,7,True,Bank B (Tier1),0.686,27,499.0,low,,True
mandate_00316,payer_00316,1,2025-07-09,9,2,15,False,Bank H (Tier3),0.301,6,999.0,medium,,True
mandate_00317,payer_00317,1,2025-02-01,1,5,13,True,Bank A (Tier1),0.691,22,999.0,medium,,True
mandate_00318,payer_00318,1,2025-09-01,1,0,11,True,Bank A (Tier1),0.67,29,2499.0,high,,True
mandate_00319,payer_00319,1,2026-02-27,27,4,12,False,Bank C (Tier1),0.792,19,499.0,low,,True
mandate_00320,payer_00320,1,2026-05-16,16,5,17,False,Bank F (Tier2),0.301,21,2499.0,high,,False
mandate_00320,payer_00320,2,2026-05-19,19,1,13,False,Bank B (Tier1),0.301,21,299.0,low,insufficient_funds,True
mandate_00321,payer_00321,1,2026-03-02,2,0,16,True,Bank D (Tier2),0.304,22,1499.0,medium,,True
mandate_00322,payer_00322,1,2025-05-16,16,4,9,False,Bank C (Tier1),0.535,6,999.0,medium,,False
mandate_00322,payer_00322,2,2025-05-19,19,0,7,False,Bank H (Tier3),0.535,6,499.0,low,bank_server_error,True
mandate_00323,payer_00323,1,2025-09-20,20,5,8,False,Bank D (Tier2),0.675,23,4999.0,high,,False
mandate_00323,payer_00323,2,2025-09-23,23,1,18,False,Bank B (Tier1),0.675,23,999.0,medium,insufficient_funds,True
mandate_00324,payer_00324,1,2025-01-10,10,4,19,False,Bank A (Tier1),0.621,13,999.0,medium,,True
mandate_00325,payer_00325,1,2025-02-10,10,0,11,False,Bank F (Tier2),0.9,24,999.0,medium,,False
mandate_00325,payer_00325,2,2025-02-12,12,2,8,False,Bank G (Tier3),0.9,24,4999.0,high,bank_server_error,False
mandate_00325,payer_00325,3,2025-02-14,14,4,10,False,Bank A (Tier1),0.9,24,2499.0,high,insufficient_funds,True
mandate_00326,payer_00326,1,2026-06-30,30,1,17,True,Bank D (Tier2),0.804,31,299.0,low,,True
mandate_00327,payer_00327,1,2026-04-06,6,0,13,False,Bank A (Tier1),0.442,32,499.0,low,,False
mandate_00327,payer_00327,2,2026-04-10,10,4,12,False,Bank D (Tier2),0.442,32,1499.0,medium,bank_server_error,False
mandate_00327,payer_00327,3,2026-04-13,13,0,13,False,Bank H (Tier3),0.442,32,1499.0,medium,bank_server_error,True
mandate_00328,payer_00328,1,2026-06-30,30,1,12,True,Bank E (Tier2),0.929,28,999.0,medium,,True
mandate_00329,payer_00329,1,2026-01-26,26,0,12,False,Bank D (Tier2),0.537,25,499.0,low,,True
mandate_00330,payer_00330,1,2026-03-04,4,2,7,False,Bank E (Tier2),0.322,6,4999.0,high,,False
mandate_00330,payer_00330,2,2026-03-06,6,4,7,False,Bank G (Tier3),0.322,6,4999.0,high,insufficient_funds,True
mandate_00331,payer_00331,1,2025-01-09,9,3,16,False,Bank D (Tier2),0.742,16,4999.0,high,,True
mandate_00332,payer_00332,1,2025-05-31,31,5,17,True,Bank A (Tier1),0.487,16,199.0,low,,True
mandate_00333,payer_00333,1,2025-07-22,22,1,11,False,Bank G (Tier3),0.26,15,2499.0,high,,False
mandate_00333,payer_00333,2,2025-07-23,23,2,6,False,Bank E (Tier2),0.26,15,1499.0,medium,technical_decline,False
mandate_00333,payer_00333,3,2025-07-25,25,4,20,False,Bank G (Tier3),0.26,15,299.0,low,insufficient_funds,False
mandate_00333,payer_00333,4,2025-07-29,29,1,16,True,Bank D (Tier2),0.26,15,4999.0,high,account_frozen,True
mandate_00334,payer_00334,1,2025-05-13,13,1,10,False,Bank D (Tier2),0.436,17,1499.0,medium,,False
mandate_00334,payer_00334,2,2025-05-16,16,4,8,False,Bank C (Tier1),0.436,17,1499.0,medium,insufficient_funds,True
mandate_00335,payer_00335,1,2026-01-18,18,6,20,False,Bank G (Tier3),0.944,6,4999.0,high,,True
mandate_00336,payer_00336,1,2025-03-01,1,5,10,True,Bank B (Tier1),0.184,36,4999.0,high,,True
mandate_00337,payer_00337,1,2025-04-20,20,6,22,False,Bank B (Tier1),0.364,33,999.0,medium,,False
mandate_00337,payer_00337,2,2025-04-23,23,2,9,False,Bank C (Tier1),0.364,33,4999.0,high,bank_server_error,False
mandate_00337,payer_00337,3,2025-04-25,25,4,10,False,Bank A (Tier1),0.364,33,4999.0,high,bank_server_error,True
mandate_00338,payer_00338,1,2026-01-08,8,3,21,False,Bank C (Tier1),0.288,24,4999.0,high,,False
mandate_00338,payer_00338,2,2026-01-09,9,4,7,False,Bank H (Tier3),0.288,24,1499.0,medium,technical_decline,False
mandate_00338,payer_00338,3,2026-01-12,12,0,11,False,Bank D (Tier2),0.288,24,299.0,low,limit_exceeded,False
mandate_00338,payer_00338,4,2026-01-14,14,2,20,False,Bank G (Tier3),0.288,24,499.0,low,bank_server_error,False
mandate_00339,payer_00339,1,2025-12-19,19,4,20,False,Bank C (Tier1),0.283,14,299.0,low,,True
mandate_00340,payer_00340,1,2026-01-31,31,5,16,True,Bank A (Tier1),0.437,35,299.0,low,,True
mandate_00341,payer_00341,1,2025-01-27,27,0,19,False,Bank G (Tier3),0.225,21,1499.0,medium,,True
mandate_00342,payer_00342,1,2025-12-24,24,2,22,False,Bank B (Tier1),0.693,19,4999.0,high,,True
mandate_00343,payer_00343,1,2025-10-12,12,6,17,False,Bank C (Tier1),0.516,4,299.0,low,,True
mandate_00344,payer_00344,1,2026-01-26,26,0,10,False,Bank B (Tier1),0.475,36,299.0,low,,True
mandate_00345,payer_00345,1,2025-11-14,14,4,15,False,Bank E (Tier2),0.313,14,199.0,low,,True
mandate_00346,payer_00346,1,2025-12-09,9,1,13,False,Bank E (Tier2),0.885,13,499.0,low,,True
mandate_00347,payer_00347,1,2025-06-14,14,5,19,False,Bank H (Tier3),0.647,22,4999.0,high,,True
mandate_00348,payer_00348,1,2025-05-03,3,5,16,True,Bank C (Tier1),0.391,19,1499.0,medium,,False
mandate_00348,payer_00348,2,2025-05-06,6,1,10,False,Bank G (Tier3),0.391,19,199.0,low,insufficient_funds,False
mandate_00348,payer_00348,3,2025-05-10,10,5,14,False,Bank B (Tier1),0.391,19,4999.0,high,insufficient_funds,False
mandate_00348,payer_00348,4,2025-05-13,13,1,16,False,Bank G (Tier3),0.391,19,1499.0,medium,limit_exceeded,False
mandate_00349,payer_00349,1,2026-01-11,11,6,19,False,Bank F (Tier2),0.828,17,1499.0,medium,,True
mandate_00350,payer_00350,1,2025-08-08,8,4,9,False,Bank F (Tier2),0.842,12,2499.0,high,,False
mandate_00350,payer_00350,2,2025-08-11,11,0,16,False,Bank D (Tier2),0.842,12,1499.0,medium,bank_server_error,False
mandate_00350,payer_00350,3,2025-08-16,16,5,16,False,Bank E (Tier2),0.842,12,499.0,low,bank_server_error,True
mandate_00351,payer_00351,1,2025-10-09,9,3,20,False,Bank A (Tier1),0.867,6,199.0,low,,True
mandate_00352,payer_00352,1,2026-04-10,10,4,21,False,Bank B (Tier1),0.794,8,499.0,low,,False
mandate_00352,payer_00352,2,2026-04-11,11,5,8,False,Bank B (Tier1),0.794,8,299.0,low,technical_decline,True
mandate_00353,payer_00353,1,2025-06-22,22,6,20,False,Bank B (Tier1),0.231,4,2499.0,high,,False
mandate_00353,payer_00353,2,2025-06-27,27,4,19,False,Bank E (Tier2),0.231,4,499.0,low,bank_server_error,True
mandate_00354,payer_00354,1,2025-03-07,7,4,16,False,Bank E (Tier2),0.759,36,4999.0,high,,True
mandate_00355,payer_00355,1,2026-05-11,11,0,9,False,Bank A (Tier1),0.545,7,499.0,low,,True
mandate_00356,payer_00356,1,2026-05-19,19,1,14,False,Bank B (Tier1),0.872,1,299.0,low,,True
mandate_00357,payer_00357,1,2026-05-30,30,5,16,True,Bank H (Tier3),0.361,18,999.0,medium,,True
mandate_00358,payer_00358,1,2025-05-02,2,4,8,True,Bank F (Tier2),0.778,9,2499.0,high,,True
mandate_00359,payer_00359,1,2026-04-14,14,1,14,False,Bank D (Tier2),0.547,10,4999.0,high,,False
mandate_00359,payer_00359,2,2026-04-18,18,5,18,False,Bank D (Tier2),0.547,10,199.0,low,technical_decline,False
mandate_00359,payer_00359,3,2026-04-19,19,6,21,False,Bank F (Tier2),0.547,10,999.0,medium,bank_server_error,False
mandate_00359,payer_00359,4,2026-04-23,23,3,6,False,Bank C (Tier1),0.547,10,1499.0,medium,bank_server_error,False
mandate_00360,payer_00360,1,2025-03-31,31,0,14,True,Bank C (Tier1),0.189,4,1499.0,medium,,True
mandate_00361,payer_00361,1,2026-02-14,14,5,7,False,Bank H (Tier3),0.191,36,2499.0,high,,False
mandate_00361,payer_00361,2,2026-02-15,15,6,14,False,Bank A (Tier1),0.191,36,499.0,low,insufficient_funds,False
mandate_00361,payer_00361,3,2026-02-17,17,1,15,False,Bank E (Tier2),0.191,36,999.0,medium,technical_decline,False
mandate_00361,payer_00361,4,2026-02-18,18,2,11,False,Bank H (Tier3),0.191,36,299.0,low,bank_server_error,True
mandate_00362,payer_00362,1,2025-07-16,16,2,14,False,Bank D (Tier2),0.757,34,4999.0,high,,True
mandate_00363,payer_00363,1,2025-01-31,31,4,15,True,Bank E (Tier2),0.63,11,199.0,low,,False
mandate_00363,payer_00363,2,2025-02-02,2,6,19,True,Bank H (Tier3),0.63,11,2499.0,high,account_frozen,True
mandate_00364,payer_00364,1,2025-09-21,21,6,14,False,Bank A (Tier1),0.509,15,4999.0,high,,True
mandate_00365,payer_00365,1,2025-08-18,18,0,11,False,Bank E (Tier2),0.769,20,499.0,low,,False
mandate_00365,payer_00365,2,2025-08-21,21,3,13,False,Bank A (Tier1),0.769,20,4999.0,high,insufficient_funds,False
mandate_00365,payer_00365,3,2025-08-23,23,5,20,False,Bank A (Tier1),0.769,20,2499.0,high,technical_decline,False
mandate_00365,payer_00365,4,2025-08-25,25,0,8,False,Bank A (Tier1),0.769,20,2499.0,high,insufficient_funds,True
mandate_00366,payer_00366,1,2025-01-10,10,4,13,False,Bank D (Tier2),0.214,14,999.0,medium,,True
mandate_00367,payer_00367,1,2025-12-26,26,4,20,False,Bank A (Tier1),0.646,22,199.0,low,,True
mandate_00368,payer_00368,1,2025-06-21,21,5,9,False,Bank E (Tier2),0.535,4,1499.0,medium,,False
mandate_00368,payer_00368,2,2025-06-25,25,2,13,False,Bank H (Tier3),0.535,4,1499.0,medium,bank_server_error,False
mandate_00368,payer_00368,3,2025-06-30,30,0,20,True,Bank B (Tier1),0.535,4,299.0,low,insufficient_funds,True
mandate_00369,payer_00369,1,2025-04-03,3,3,21,True,Bank A (Tier1),0.738,28,499.0,low,,True
mandate_00370,payer_00370,1,2026-04-20,20,0,18,False,Bank H (Tier3),0.672,9,299.0,low,,True
mandate_00371,payer_00371,1,2026-05-13,13,2,10,False,Bank A (Tier1),0.692,33,499.0,low,,True
mandate_00372,payer_00372,1,2026-04-23,23,3,13,False,Bank A (Tier1),0.856,24,199.0,low,,True
mandate_00373,payer_00373,1,2025-09-20,20,5,10,False,Bank B (Tier1),0.899,15,199.0,low,,False
mandate_00373,payer_00373,2,2025-09-22,22,0,16,False,Bank F (Tier2),0.899,15,499.0,low,insufficient_funds,True
mandate_00374,payer_00374,1,2025-12-09,9,1,8,False,Bank E (Tier2),0.204,21,299.0,low,,False
mandate_00374,payer_00374,2,2025-12-14,14,6,6,False,Bank F (Tier2),0.204,21,999.0,medium,technical_decline,True
mandate_00375,payer_00375,1,2025-10-06,6,0,7,False,Bank D (Tier2),0.686,32,1499.0,medium,,False
mandate_00375,payer_00375,2,2025-10-09,9,3,11,False,Bank E (Tier2),0.686,32,4999.0,high,account_frozen,True
mandate_00376,payer_00376,1,2025-08-19,19,1,8,False,Bank E (Tier2),0.713,11,499.0,low,,True
mandate_00377,payer_00377,1,2026-02-04,4,2,8,False,Bank G (Tier3),0.243,6,499.0,low,,False
mandate_00377,payer_00377,2,2026-02-09,9,0,20,False,Bank G (Tier3),0.243,6,2499.0,high,bank_server_error,False
mandate_00377,payer_00377,3,2026-02-14,14,5,15,False,Bank B (Tier1),0.243,6,2499.0,high,technical_decline,False
mandate_00377,payer_00377,4,2026-02-18,18,2,9,False,Bank C (Tier1),0.243,6,4999.0,high,bank_server_error,False
mandate_00378,payer_00378,1,2025-06-17,17,1,11,False,Bank E (Tier2),0.533,11,2499.0,high,,False
mandate_00378,payer_00378,2,2025-06-22,22,6,10,False,Bank E (Tier2),0.533,11,2499.0,high,insufficient_funds,True
mandate_00379,payer_00379,1,2026-06-26,26,4,16,False,Bank E (Tier2),0.527,18,199.0,low,,True
mandate_00380,payer_00380,1,2025-07-16,16,2,15,False,Bank H (Tier3),0.845,13,1499.0,medium,,True
mandate_00381,payer_00381,1,2025-06-10,10,1,11,False,Bank B (Tier1),0.715,5,4999.0,high,,True
mandate_00382,payer_00382,1,2025-10-23,23,3,6,False,Bank H (Tier3),0.685,14,199.0,low,,True
mandate_00383,payer_00383,1,2025-08-11,11,0,6,False,Bank G (Tier3),0.894,20,499.0,low,,True
mandate_00384,payer_00384,1,2025-05-19,19,0,8,False,Bank D (Tier2),0.889,6,4999.0,high,,False
mandate_00384,payer_00384,2,2025-05-21,21,2,12,False,Bank B (Tier1),0.889,6,499.0,low,account_frozen,True
mandate_00385,payer_00385,1,2025-05-28,28,2,20,True,Bank B (Tier1),0.67,34,2499.0,high,,False
mandate_00385,payer_00385,2,2025-05-30,30,4,7,True,Bank C (Tier1),0.67,34,499.0,low,account_frozen,False
mandate_00385,payer_00385,3,2025-06-03,3,1,13,True,Bank H (Tier3),0.67,34,299.0,low,technical_decline,False
mandate_00385,payer_00385,4,2025-06-07,7,5,16,False,Bank H (Tier3),0.67,34,1499.0,medium,technical_decline,False
mandate_00386,payer_00386,1,2025-12-18,18,3,8,False,Bank A (Tier1),0.584,20,2499.0,high,,False
mandate_00386,payer_00386,2,2025-12-20,20,5,6,False,Bank G (Tier3),0.584,20,499.0,low,technical_decline,True
mandate_00387,payer_00387,1,2026-03-29,29,6,16,True,Bank A (Tier1),0.338,20,1499.0,medium,,False
mandate_00387,payer_00387,2,2026-04-02,2,3,15,True,Bank B (Tier1),0.338,20,2499.0,high,limit_exceeded,False
mandate_00387,payer_00387,3,2026-04-07,7,1,10,False,Bank B (Tier1),0.338,20,299.0,low,insufficient_funds,True
mandate_00388,payer_00388,1,2025-08-08,8,4,9,False,Bank H (Tier3),0.595,14,999.0,medium,,False
mandate_00388,payer_00388,2,2025-08-11,11,0,12,False,Bank D (Tier2),0.595,14,1499.0,medium,account_frozen,True
mandate_00389,payer_00389,1,2025-02-22,22,5,10,False,Bank F (Tier2),0.184,17,199.0,low,,True
mandate_00390,payer_00390,1,2025-04-20,20,6,12,False,Bank F (Tier2),0.752,34,999.0,medium,,True
mandate_00391,payer_00391,1,2026-05-06,6,2,17,False,Bank G (Tier3),0.55,13,299.0,low,,False
mandate_00391,payer_00391,2,2026-05-08,8,4,22,False,Bank A (Tier1),0.55,13,199.0,low,insufficient_funds,True
mandate_00392,payer_00392,1,2026-06-30,30,1,6,True,Bank G (Tier3),0.563,30,999.0,medium,,True
mandate_00393,payer_00393,1,2025-01-04,4,5,21,False,Bank G (Tier3),0.539,8,1499.0,medium,,True
mandate_00394,payer_00394,1,2026-03-19,19,3,12,False,Bank D (Tier2),0.774,20,1499.0,medium,,False
mandate_00394,payer_00394,2,2026-03-23,23,0,8,False,Bank H (Tier3),0.774,20,2499.0,high,technical_decline,False
mandate_00394,payer_00394,3,2026-03-24,24,1,14,False,Bank H (Tier3),0.774,20,2499.0,high,bank_server_error,True
mandate_00395,payer_00395,1,2025-05-28,28,2,6,True,Bank D (Tier2),0.892,36,199.0,low,,True
mandate_00396,payer_00396,1,2026-06-07,7,6,9,False,Bank E (Tier2),0.789,16,4999.0,high,,True
mandate_00397,payer_00397,1,2025-04-08,8,1,7,False,Bank F (Tier2),0.862,6,1499.0,medium,,True
mandate_00398,payer_00398,1,2025-06-24,24,1,13,False,Bank G (Tier3),0.91,15,2499.0,high,,True
mandate_00399,payer_00399,1,2025-03-19,19,2,22,False,Bank A (Tier1),0.408,27,1499.0,medium,,True
mandate_00400,payer_00400,1,2026-05-19,19,1,14,False,Bank D (Tier2),0.397,23,299.0,low,,True
mandate_00401,payer_00401,1,2025-11-09,9,6,21,False,Bank C (Tier1),0.874,35,199.0,low,,False
mandate_00401,payer_00401,2,2025-11-13,13,3,14,False,Bank F (Tier2),0.874,35,499.0,low,insufficient_funds,True
mandate_00402,payer_00402,1,2025-06-20,20,4,10,False,Bank G (Tier3),0.16,22,499.0,low,,True
mandate_00403,payer_00403,1,2025-10-29,29,2,16,True,Bank B (Tier1),0.27,2,299.0,low,,True
mandate_00404,payer_00404,1,2025-10-04,4,5,8,False,Bank C (Tier1),0.698,7,199.0,low,,False
mandate_00404,payer_00404,2,2025-10-07,7,1,7,False,Bank E (Tier2),0.698,7,199.0,low,technical_decline,True
mandate_00405,payer_00405,1,2025-09-13,13,5,9,False,Bank B (Tier1),0.931,11,999.0,medium,,True
mandate_00406,payer_00406,1,2025-06-06,6,4,13,False,Bank D (Tier2),0.627,33,299.0,low,,False
mandate_00406,payer_00406,2,2025-06-10,10,1,22,False,Bank B (Tier1),0.627,33,199.0,low,technical_decline,True
mandate_00407,payer_00407,1,2026-03-21,21,5,13,False,Bank C (Tier1),0.563,21,999.0,medium,,True
mandate_00408,payer_00408,1,2026-04-04,4,5,6,False,Bank C (Tier1),0.477,7,2499.0,high,,False
mandate_00408,payer_00408,2,2026-04-07,7,1,15,False,Bank E (Tier2),0.477,7,1499.0,medium,account_frozen,True
mandate_00409,payer_00409,1,2025-06-08,8,6,10,False,Bank D (Tier2),0.613,24,4999.0,high,,False
mandate_00409,payer_00409,2,2025-06-10,10,1,20,False,Bank G (Tier3),0.613,24,1499.0,medium,insufficient_funds,False
mandate_00409,payer_00409,3,2025-06-12,12,3,12,False,Bank H (Tier3),0.613,24,299.0,low,technical_decline,True
mandate_00410,payer_00410,1,2026-02-17,17,1,20,False,Bank F (Tier2),0.867,30,299.0,low,,False
mandate_00410,payer_00410,2,2026-02-18,18,2,14,False,Bank A (Tier1),0.867,30,1499.0,medium,insufficient_funds,True
mandate_00411,payer_00411,1,2025-02-28,28,4,9,True,Bank F (Tier2),0.626,4,4999.0,high,,False
mandate_00411,payer_00411,2,2025-03-05,5,2,18,False,Bank C (Tier1),0.626,4,4999.0,high,bank_server_error,False
mandate_00411,payer_00411,3,2025-03-06,6,3,21,False,Bank D (Tier2),0.626,4,499.0,low,bank_server_error,False
mandate_00411,payer_00411,4,2025-03-10,10,0,15,False,Bank A (Tier1),0.626,4,4999.0,high,insufficient_funds,False
mandate_00412,payer_00412,1,2025-11-10,10,0,15,False,Bank D (Tier2),0.944,32,4999.0,high,,False
mandate_00412,payer_00412,2,2025-11-13,13,3,7,False,Bank E (Tier2),0.944,32,999.0,medium,limit_exceeded,True
mandate_00413,payer_00413,1,2025-02-01,1,5,18,True,Bank A (Tier1),0.384,12,999.0,medium,,True
mandate_00414,payer_00414,1,2026-04-21,21,1,7,False,Bank D (Tier2),0.805,33,299.0,low,,True
mandate_00415,payer_00415,1,2026-04-02,2,3,16,True,Bank C (Tier1),0.766,25,999.0,medium,,True
mandate_00416,payer_00416,1,2025-07-06,6,6,7,False,Bank G (Tier3),0.832,11,2499.0,high,,True
mandate_00417,payer_00417,1,2025-02-02,2,6,7,True,Bank D (Tier2),0.862,25,299.0,low,,True
mandate_00418,payer_00418,1,2025-02-28,28,4,9,True,Bank A (Tier1),0.332,28,1499.0,medium,,True
mandate_00419,payer_00419,1,2025-11-04,4,1,16,False,Bank C (Tier1),0.8,35,299.0,low,,True
mandate_00420,payer_00420,1,2026-06-26,26,4,22,False,Bank B (Tier1),0.82,26,999.0,medium,,True
mandate_00421,payer_00421,1,2026-04-28,28,1,9,True,Bank C (Tier1),0.599,36,4999.0,high,,False
mandate_00421,payer_00421,2,2026-05-02,2,5,14,True,Bank D (Tier2),0.599,36,2499.0,high,insufficient_funds,True
mandate_00422,payer_00422,1,2025-01-09,9,3,10,False,Bank F (Tier2),0.649,26,4999.0,high,,False
mandate_00422,payer_00422,2,2025-01-14,14,1,17,False,Bank G (Tier3),0.649,26,1499.0,medium,technical_decline,False
mandate_00422,payer_00422,3,2025-01-16,16,3,15,False,Bank B (Tier1),0.649,26,4999.0,high,technical_decline,True
mandate_00423,payer_00423,1,2025-10-14,14,1,18,False,Bank B (Tier1),0.631,32,499.0,low,,True
mandate_00424,payer_00424,1,2025-11-15,15,5,19,False,Bank B (Tier1),0.397,12,4999.0,high,,False
mandate_00424,payer_00424,2,2025-11-17,17,0,8,False,Bank G (Tier3),0.397,12,999.0,medium,technical_decline,True
mandate_00425,payer_00425,1,2026-02-14,14,5,6,False,Bank G (Tier3),0.56,12,1499.0,medium,,True
mandate_00426,payer_00426,1,2026-06-08,8,0,7,False,Bank E (Tier2),0.746,30,2499.0,high,,False
mandate_00426,payer_00426,2,2026-06-11,11,3,19,False,Bank E (Tier2),0.746,30,999.0,medium,account_frozen,False
mandate_00426,payer_00426,3,2026-06-15,15,0,14,False,Bank B (Tier1),0.746,30,199.0,low,insufficient_funds,True
mandate_00427,payer_00427,1,2026-03-28,28,5,7,True,Bank G (Tier3),0.204,9,499.0,low,,False
mandate_00427,payer_00427,2,2026-04-01,1,2,22,True,Bank F (Tier2),0.204,9,4999.0,high,insufficient_funds,True
mandate_00428,payer_00428,1,2025-06-26,26,3,17,False,Bank H (Tier3),0.28,1,199.0,low,,True
mandate_00429,payer_00429,1,2026-05-11,11,0,7,False,Bank F (Tier2),0.795,27,1499.0,medium,,False
mandate_00429,payer_00429,2,2026-05-16,16,5,21,False,Bank G (Tier3),0.795,27,499.0,low,insufficient_funds,True
mandate_00430,payer_00430,1,2026-05-26,26,1,6,False,Bank H (Tier3),0.565,26,4999.0,high,,False
mandate_00430,payer_00430,2,2026-05-31,31,6,7,True,Bank G (Tier3),0.565,26,299.0,low,bank_server_error,True
mandate_00431,payer_00431,1,2025-08-24,24,6,17,False,Bank A (Tier1),0.812,9,299.0,low,,True
mandate_00432,payer_00432,1,2025-02-13,13,3,13,False,Bank D (Tier2),0.695,14,1499.0,medium,,True
mandate_00433,payer_00433,1,2026-03-31,31,1,8,True,Bank G (Tier3),0.413,15,2499.0,high,,False
mandate_00433,payer_00433,2,2026-04-05,5,6,18,False,Bank A (Tier1),0.413,15,1499.0,medium,insufficient_funds,False
mandate_00433,payer_00433,3,2026-04-07,7,1,9,False,Bank H (Tier3),0.413,15,4999.0,high,limit_exceeded,False
mandate_00433,payer_00433,4,2026-04-10,10,4,19,False,Bank G (Tier3),0.413,15,4999.0,high,technical_decline,False
mandate_00434,payer_00434,1,2026-01-13,13,1,7,False,Bank A (Tier1),0.693,14,299.0,low,,True
mandate_00435,payer_00435,1,2025-11-27,27,3,15,False,Bank F (Tier2),0.695,1,4999.0,high,,False
mandate_00435,payer_00435,2,2025-11-29,29,5,14,True,Bank E (Tier2),0.695,1,1499.0,medium,technical_decline,False
mandate_00435,payer_00435,3,2025-12-01,1,0,19,True,Bank G (Tier3),0.695,1,199.0,low,limit_exceeded,False
mandate_00435,payer_00435,4,2025-12-04,4,3,19,False,Bank D (Tier2),0.695,1,1499.0,medium,insufficient_funds,True
mandate_00436,payer_00436,1,2025-06-21,21,5,11,False,Bank F (Tier2),0.689,26,499.0,low,,True
mandate_00437,payer_00437,1,2026-04-07,7,1,17,False,Bank B (Tier1),0.641,28,999.0,medium,,True
mandate_00438,payer_00438,1,2025-08-02,2,5,19,True,Bank C (Tier1),0.932,35,1499.0,medium,,True
mandate_00439,payer_00439,1,2025-07-01,1,1,14,True,Bank G (Tier3),0.491,6,4999.0,high,,True
mandate_00440,payer_00440,1,2026-05-28,28,3,16,True,Bank B (Tier1),0.285,23,499.0,low,,False
mandate_00440,payer_00440,2,2026-05-31,31,6,7,True,Bank B (Tier1),0.285,23,1499.0,medium,technical_decline,False
mandate_00440,payer_00440,3,2026-06-01,1,0,13,True,Bank B (Tier1),0.285,23,199.0,low,bank_server_error,True
mandate_00441,payer_00441,1,2025-01-24,24,4,10,False,Bank E (Tier2),0.556,3,4999.0,high,,True
mandate_00442,payer_00442,1,2026-01-14,14,2,15,False,Bank F (Tier2),0.16,9,2499.0,high,,False
mandate_00442,payer_00442,2,2026-01-16,16,4,16,False,Bank B (Tier1),0.16,9,1499.0,medium,insufficient_funds,True
mandate_00443,payer_00443,1,2025-02-11,11,1,15,False,Bank D (Tier2),0.365,24,299.0,low,,False
mandate_00443,payer_00443,2,2025-02-15,15,5,9,False,Bank C (Tier1),0.365,24,299.0,low,bank_server_error,False
mandate_00443,payer_00443,3,2025-02-17,17,0,14,False,Bank B (Tier1),0.365,24,199.0,low,technical_decline,True
mandate_00444,payer_00444,1,2025-03-28,28,4,14,True,Bank E (Tier2),0.551,19,499.0,low,,True
mandate_00445,payer_00445,1,2025-06-12,12,3,13,False,Bank G (Tier3),0.568,20,199.0,low,,False
mandate_00445,payer_00445,2,2025-06-15,15,6,19,False,Bank A (Tier1),0.568,20,2499.0,high,bank_server_error,False
mandate_00445,payer_00445,3,2025-06-16,16,0,19,False,Bank C (Tier1),0.568,20,1499.0,medium,bank_server_error,True
mandate_00446,payer_00446,1,2025-03-14,14,4,10,False,Bank B (Tier1),0.293,1,1499.0,medium,,False
mandate_00446,payer_00446,2,2025-03-18,18,1,15,False,Bank C (Tier1),0.293,1,4999.0,high,insufficient_funds,False
mandate_00446,payer_00446,3,2025-03-21,21,4,8,False,Bank E (Tier2),0.293,1,999.0,medium,technical_decline,False
mandate_00446,payer_00446,4,2025-03-23,23,6,16,False,Bank H (Tier3),0.293,1,199.0,low,insufficient_funds,False
mandate_00447,payer_00447,1,2025-05-05,5,0,15,False,Bank B (Tier1),0.849,36,999.0,medium,,False
mandate_00447,payer_00447,2,2025-05-07,7,2,8,False,Bank E (Tier2),0.849,36,2499.0,high,insufficient_funds,True
mandate_00448,payer_00448,1,2025-04-02,2,2,15,True,Bank F (Tier2),0.413,12,199.0,low,,True
mandate_00449,payer_00449,1,2025-07-21,21,0,6,False,Bank D (Tier2),0.61,12,2499.0,high,,False
mandate_00449,payer_00449,2,2025-07-22,22,1,11,False,Bank F (Tier2),0.61,12,199.0,low,bank_server_error,True
mandate_00450,payer_00450,1,2025-06-18,18,2,17,False,Bank C (Tier1),0.62,28,4999.0,high,,True
mandate_00451,payer_00451,1,2025-07-10,10,3,11,False,Bank G (Tier3),0.221,13,1499.0,medium,,False
mandate_00451,payer_00451,2,2025-07-12,12,5,9,False,Bank H (Tier3),0.221,13,1499.0,medium,insufficient_funds,False
mandate_00451,payer_00451,3,2025-07-13,13,6,8,False,Bank D (Tier2),0.221,13,1499.0,medium,account_frozen,True
mandate_00452,payer_00452,1,2025-10-22,22,2,6,False,Bank C (Tier1),0.699,15,999.0,medium,,False
mandate_00452,payer_00452,2,2025-10-26,26,6,17,False,Bank F (Tier2),0.699,15,199.0,low,insufficient_funds,False
mandate_00452,payer_00452,3,2025-10-31,31,4,19,True,Bank E (Tier2),0.699,15,4999.0,high,bank_server_error,False
mandate_00452,payer_00452,4,2025-11-01,1,5,15,True,Bank E (Tier2),0.699,15,199.0,low,account_frozen,True
mandate_00453,payer_00453,1,2025-03-27,27,3,19,False,Bank G (Tier3),0.185,12,499.0,low,,False
mandate_00453,payer_00453,2,2025-04-01,1,1,15,True,Bank E (Tier2),0.185,12,199.0,low,technical_decline,True
mandate_00454,payer_00454,1,2025-03-07,7,4,22,False,Bank F (Tier2),0.308,10,1499.0,medium,,False
mandate_00454,payer_00454,2,2025-03-11,11,1,7,False,Bank G (Tier3),0.308,10,4999.0,high,technical_decline,True
mandate_00455,payer_00455,1,2026-04-21,21,1,12,False,Bank B (Tier1),0.764,6,499.0,low,,True
mandate_00456,payer_00456,1,2026-05-15,15,4,13,False,Bank G (Tier3),0.595,11,4999.0,high,,True
mandate_00457,payer_00457,1,2026-05-14,14,3,6,False,Bank D (Tier2),0.725,3,2499.0,high,,False
mandate_00457,payer_00457,2,2026-05-17,17,6,15,False,Bank C (Tier1),0.725,3,499.0,low,insufficient_funds,True
mandate_00458,payer_00458,1,2025-02-22,22,5,20,False,Bank E (Tier2),0.523,4,199.0,low,,True
mandate_00459,payer_00459,1,2026-05-27,27,2,10,False,Bank E (Tier2),0.29,2,199.0,low,,False
mandate_00459,payer_00459,2,2026-06-01,1,0,12,True,Bank B (Tier1),0.29,2,4999.0,high,bank_server_error,False
mandate_00459,payer_00459,3,2026-06-05,5,4,16,False,Bank C (Tier1),0.29,2,299.0,low,insufficient_funds,True
mandate_00460,payer_00460,1,2025-03-16,16,6,19,False,Bank B (Tier1),0.711,3,199.0,low,,True
mandate_00461,payer_00461,1,2026-05-01,1,4,7,True,Bank G (Tier3),0.481,31,199.0,low,,True
mandate_00462,payer_00462,1,2025-04-15,15,1,19,False,Bank A (Tier1),0.929,16,1499.0,medium,,True
mandate_00463,payer_00463,1,2025-01-19,19,6,6,False,Bank A (Tier1),0.804,15,2499.0,high,,True
mandate_00464,payer_00464,1,2025-03-05,5,2,7,False,Bank C (Tier1),0.722,20,999.0,medium,,True
mandate_00465,payer_00465,1,2025-10-20,20,0,15,False,Bank B (Tier1),0.6,28,999.0,medium,,True
mandate_00466,payer_00466,1,2026-04-07,7,1,8,False,Bank H (Tier3),0.869,24,199.0,low,,True
mandate_00467,payer_00467,1,2025-10-09,9,3,9,False,Bank B (Tier1),0.762,28,499.0,low,,True
mandate_00468,payer_00468,1,2026-06-04,4,3,20,False,Bank A (Tier1),0.818,2,999.0,medium,,True
mandate_00469,payer_00469,1,2025-03-14,14,4,22,False,Bank C (Tier1),0.327,30,1499.0,medium,,True
mandate_00470,payer_00470,1,2025-02-06,6,3,7,False,Bank E (Tier2),0.561,7,199.0,low,,True
mandate_00471,payer_00471,1,2025-06-10,10,1,20,False,Bank C (Tier1),0.447,17,299.0,low,,True
mandate_00472,payer_00472,1,2025-05-15,15,3,9,False,Bank D (Tier2),0.181,17,1499.0,medium,,True
mandate_00473,payer_00473,1,2025-05-26,26,0,12,False,Bank F (Tier2),0.525,7,1499.0,medium,,False
mandate_00473,payer_00473,2,2025-05-30,30,4,18,True,Bank G (Tier3),0.525,7,499.0,low,insufficient_funds,True
mandate_00474,payer_00474,1,2025-04-25,25,4,14,False,Bank D (Tier2),0.464,1,199.0,low,,False
mandate_00474,payer_00474,2,2025-04-26,26,5,11,False,Bank E (Tier2),0.464,1,4999.0,high,account_frozen,False
mandate_00474,payer_00474,3,2025-04-30,30,2,22,True,Bank D (Tier2),0.464,1,1499.0,medium,insufficient_funds,False
mandate_00474,payer_00474,4,2025-05-02,2,4,13,True,Bank C (Tier1),0.464,1,2499.0,high,limit_exceeded,False
mandate_00475,payer_00475,1,2025-07-16,16,2,13,False,Bank C (Tier1),0.48,21,4999.0,high,,False
mandate_00475,payer_00475,2,2025-07-20,20,6,7,False,Bank B (Tier1),0.48,21,1499.0,medium,bank_server_error,True
mandate_00476,payer_00476,1,2026-02-02,2,0,20,True,Bank E (Tier2),0.685,20,199.0,low,,True
mandate_00477,payer_00477,1,2026-02-25,25,2,14,False,Bank D (Tier2),0.538,2,199.0,low,,True
mandate_00478,payer_00478,1,2026-03-07,7,5,14,False,Bank D (Tier2),0.39,10,499.0,low,,True
mandate_00479,payer_00479,1,2026-04-06,6,0,7,False,Bank C (Tier1),0.565,28,1499.0,medium,,False
mandate_00479,payer_00479,2,2026-04-08,8,2,12,False,Bank F (Tier2),0.565,28,499.0,low,insufficient_funds,True
mandate_00480,payer_00480,1,2025-12-30,30,1,12,True,Bank F (Tier2),0.668,5,999.0,medium,,True
mandate_00481,payer_00481,1,2025-04-17,17,3,8,False,Bank E (Tier2),0.47,19,199.0,low,,True
mandate_00482,payer_00482,1,2025-03-26,26,2,13,False,Bank D (Tier2),0.662,14,499.0,low,,True
mandate_00483,payer_00483,1,2025-08-25,25,0,11,False,Bank B (Tier1),0.337,1,999.0,medium,,False
mandate_00483,payer_00483,2,2025-08-26,26,1,22,False,Bank E (Tier2),0.337,1,2499.0,high,limit_exceeded,True
mandate_00484,payer_00484,1,2025-12-16,16,1,7,False,Bank B (Tier1),0.953,31,999.0,medium,,False
mandate_00484,payer_00484,2,2025-12-18,18,3,9,False,Bank G (Tier3),0.953,31,499.0,low,technical_decline,True
mandate_00485,payer_00485,1,2025-04-22,22,1,17,False,Bank H (Tier3),0.524,33,4999.0,high,,True
mandate_00486,payer_00486,1,2025-02-22,22,5,17,False,Bank A (Tier1),0.98,13,4999.0,high,,True
mandate_00487,payer_00487,1,2025-01-30,30,3,19,True,Bank A (Tier1),0.707,8,299.0,low,,True
mandate_00488,payer_00488,1,2025-02-07,7,4,19,False,Bank E (Tier2),0.668,33,299.0,low,,False
mandate_00488,payer_00488,2,2025-02-08,8,5,18,False,Bank F (Tier2),0.668,33,299.0,low,insufficient_funds,False
mandate_00488,payer_00488,3,2025-02-12,12,2,22,False,Bank A (Tier1),0.668,33,499.0,low,technical_decline,True
mandate_00489,payer_00489,1,2026-04-03,3,4,21,True,Bank C (Tier1),0.592,4,499.0,low,,False
mandate_00489,payer_00489,2,2026-04-08,8,2,7,False,Bank A (Tier1),0.592,4,4999.0,high,insufficient_funds,False
mandate_00489,payer_00489,3,2026-04-12,12,6,9,False,Bank H (Tier3),0.592,4,2499.0,high,insufficient_funds,False
mandate_00489,payer_00489,4,2026-04-13,13,0,7,False,Bank G (Tier3),0.592,4,1499.0,medium,technical_decline,False
mandate_00490,payer_00490,1,2025-01-23,23,3,8,False,Bank B (Tier1),0.733,24,4999.0,high,,True
mandate_00491,payer_00491,1,2026-01-13,13,1,16,False,Bank D (Tier2),0.712,31,1499.0,medium,,False
mandate_00491,payer_00491,2,2026-01-15,15,3,12,False,Bank E (Tier2),0.712,31,199.0,low,insufficient_funds,False
mandate_00491,payer_00491,3,2026-01-16,16,4,13,False,Bank B (Tier1),0.712,31,999.0,medium,bank_server_error,True
mandate_00492,payer_00492,1,2026-04-07,7,1,10,False,Bank C (Tier1),0.889,13,2499.0,high,,True
mandate_00493,payer_00493,1,2025-08-22,22,4,21,False,Bank G (Tier3),0.781,10,4999.0,high,,True
mandate_00494,payer_00494,1,2026-04-24,24,4,13,False,Bank H (Tier3),0.162,26,1499.0,medium,,False
mandate_00494,payer_00494,2,2026-04-28,28,1,10,True,Bank D (Tier2),0.162,26,2499.0,high,bank_server_error,False
mandate_00494,payer_00494,3,2026-05-01,1,4,21,True,Bank E (Tier2),0.162,26,499.0,low,insufficient_funds,False
mandate_00494,payer_00494,4,2026-05-04,4,0,9,False,Bank D (Tier2),0.162,26,299.0,low,technical_decline,False
mandate_00495,payer_00495,1,2025-01-29,29,2,17,True,Bank H (Tier3),0.575,4,499.0,low,,True
mandate_00496,payer_00496,1,2026-01-03,3,5,19,True,Bank C (Tier1),0.796,8,4999.0,high,,False
mandate_00496,payer_00496,2,2026-01-06,6,1,8,False,Bank G (Tier3),0.796,8,1499.0,medium,insufficient_funds,True
mandate_00497,payer_00497,1,2026-05-18,18,0,13,False,Bank B (Tier1),0.341,31,4999.0,high,,True
mandate_00498,payer_00498,1,2025-03-16,16,6,18,False,Bank E (Tier2),0.352,16,199.0,low,,True
mandate_00499,payer_00499,1,2025-10-22,22,2,11,False,Bank B (Tier1),0.742,2,2499.0,high,,True
mandate_00500,payer_00500,1,2025-04-24,24,3,22,False,Bank F (Tier2),0.495,33,1499.0,medium,,False
mandate_00500,payer_00500,2,2025-04-27,27,6,14,False,Bank G (Tier3),0.495,33,199.0,low,insufficient_funds,False
mandate_00500,payer_00500,3,2025-04-30,30,2,9,True,Bank D (Tier2),0.495,33,499.0,low,insufficient_funds,True
mandate_00501,payer_00501,1,2025-12-05,5,4,13,False,Bank F (Tier2),0.182,30,999.0,medium,,True
mandate_00502,payer_00502,1,2026-03-04,4,2,13,False,Bank C (Tier1),0.559,11,199.0,low,,True
mandate_00503,payer_00503,1,2025-06-22,22,6,14,False,Bank H (Tier3),0.721,35,199.0,low,,True
mandate_00504,payer_00504,1,2025-11-24,24,0,15,False,Bank G (Tier3),0.862,24,299.0,low,,False
mandate_00504,payer_00504,2,2025-11-29,29,5,6,True,Bank B (Tier1),0.862,24,2499.0,high,account_frozen,True
mandate_00505,payer_00505,1,2025-03-25,25,1,11,False,Bank G (Tier3),0.928,12,199.0,low,,True
mandate_00506,payer_00506,1,2025-05-25,25,6,18,False,Bank F (Tier2),0.497,21,1499.0,medium,,False
mandate_00506,payer_00506,2,2025-05-28,28,2,18,True,Bank B (Tier1),0.497,21,299.0,low,bank_server_error,True
mandate_00507,payer_00507,1,2025-08-11,11,0,20,False,Bank B (Tier1),0.557,13,2499.0,high,,False
mandate_00507,payer_00507,2,2025-08-15,15,4,22,False,Bank E (Tier2),0.557,13,2499.0,high,insufficient_funds,True
mandate_00508,payer_00508,1,2026-05-10,10,6,14,False,Bank D (Tier2),0.283,29,2499.0,high,,False
mandate_00508,payer_00508,2,2026-05-12,12,1,18,False,Bank G (Tier3),0.283,29,2499.0,high,insufficient_funds,False
mandate_00508,payer_00508,3,2026-05-13,13,2,10,False,Bank A (Tier1),0.283,29,1499.0,medium,technical_decline,False
mandate_00508,payer_00508,4,2026-05-18,18,0,20,False,Bank B (Tier1),0.283,29,499.0,low,bank_server_error,False
mandate_00509,payer_00509,1,2025-07-24,24,3,21,False,Bank E (Tier2),0.897,34,1499.0,medium,,False
mandate_00509,payer_00509,2,2025-07-29,29,1,21,True,Bank A (Tier1),0.897,34,2499.0,high,bank_server_error,True
mandate_00510,payer_00510,1,2026-05-30,30,5,8,True,Bank G (Tier3),0.58,14,199.0,low,,False
mandate_00510,payer_00510,2,2026-05-31,31,6,21,True,Bank F (Tier2),0.58,14,999.0,medium,technical_decline,True
mandate_00511,payer_00511,1,2025-12-22,22,0,6,False,Bank D (Tier2),0.487,17,499.0,low,,True
mandate_00512,payer_00512,1,2025-04-14,14,0,6,False,Bank A (Tier1),0.974,3,499.0,low,,True
mandate_00513,payer_00513,1,2025-10-08,8,2,6,False,Bank F (Tier2),0.9,14,2499.0,high,,True
mandate_00514,payer_00514,1,2026-06-01,1,0,21,True,Bank D (Tier2),0.755,32,1499.0,medium,,True
mandate_00515,payer_00515,1,2026-02-10,10,1,10,False,Bank D (Tier2),0.538,8,1499.0,medium,,True
mandate_00516,payer_00516,1,2025-01-24,24,4,11,False,Bank B (Tier1),0.365,35,2499.0,high,,False
mandate_00516,payer_00516,2,2025-01-29,29,2,12,True,Bank B (Tier1),0.365,35,199.0,low,technical_decline,True
mandate_00517,payer_00517,1,2025-12-28,28,6,14,True,Bank D (Tier2),0.704,34,299.0,low,,False
mandate_00517,payer_00517,2,2025-12-30,30,1,15,True,Bank F (Tier2),0.704,34,2499.0,high,technical_decline,False
mandate_00517,payer_00517,3,2026-01-01,1,3,21,True,Bank E (Tier2),0.704,34,1499.0,medium,bank_server_error,True
mandate_00518,payer_00518,1,2025-12-19,19,4,18,False,Bank D (Tier2),0.337,31,4999.0,high,,False
mandate_00518,payer_00518,2,2025-12-24,24,2,10,False,Bank F (Tier2),0.337,31,1499.0,medium,insufficient_funds,True
mandate_00519,payer_00519,1,2025-04-08,8,1,20,False,Bank H (Tier3),0.552,15,2499.0,high,,True
mandate_00520,payer_00520,1,2025-08-11,11,0,22,False,Bank G (Tier3),0.836,34,999.0,medium,,True
mandate_00521,payer_00521,1,2026-06-30,30,1,12,True,Bank A (Tier1),0.919,25,199.0,low,,True
mandate_00522,payer_00522,1,2025-07-26,26,5,7,False,Bank F (Tier2),0.38,9,299.0,low,,True
mandate_00523,payer_00523,1,2025-02-27,27,3,18,False,Bank A (Tier1),0.825,18,999.0,medium,,True
mandate_00524,payer_00524,1,2025-04-10,10,3,11,False,Bank A (Tier1),0.98,32,4999.0,high,,True
mandate_00525,payer_00525,1,2025-08-13,13,2,10,False,Bank G (Tier3),0.567,32,499.0,low,,True
mandate_00526,payer_00526,1,2025-04-20,20,6,14,False,Bank E (Tier2),0.587,16,4999.0,high,,False
mandate_00526,payer_00526,2,2025-04-23,23,2,20,False,Bank A (Tier1),0.587,16,1499.0,medium,insufficient_funds,False
mandate_00526,payer_00526,3,2025-04-26,26,5,11,False,Bank F (Tier2),0.587,16,199.0,low,technical_decline,True
mandate_00527,payer_00527,1,2026-03-10,10,1,11,False,Bank B (Tier1),0.635,28,2499.0,high,,True
mandate_00528,payer_00528,1,2025-06-13,13,4,8,False,Bank H (Tier3),0.184,29,199.0,low,,False
mandate_00528,payer_00528,2,2025-06-15,15,6,14,False,Bank D (Tier2),0.184,29,499.0,low,technical_decline,False
mandate_00528,payer_00528,3,2025-06-18,18,2,13,False,Bank D (Tier2),0.184,29,2499.0,high,technical_decline,True
mandate_00529,payer_00529,1,2025-07-01,1,1,18,True,Bank B (Tier1),0.555,31,2499.0,high,,True
mandate_00530,payer_00530,1,2026-04-30,30,3,10,True,Bank C (Tier1),0.861,5,2499.0,high,,True
mandate_00531,payer_00531,1,2025-06-25,25,2,13,False,Bank A (Tier1),0.525,4,499.0,low,,True
mandate_00532,payer_00532,1,2025-11-17,17,0,14,False,Bank H (Tier3),0.423,27,1499.0,medium,,False
mandate_00532,payer_00532,2,2025-11-20,20,3,21,False,Bank H (Tier3),0.423,27,2499.0,high,bank_server_error,False
mandate_00532,payer_00532,3,2025-11-24,24,0,20,False,Bank H (Tier3),0.423,27,199.0,low,insufficient_funds,True
mandate_00533,payer_00533,1,2026-03-23,23,0,18,False,Bank A (Tier1),0.765,22,999.0,medium,,True
mandate_00534,payer_00534,1,2025-09-20,20,5,11,False,Bank A (Tier1),0.732,32,4999.0,high,,True
mandate_00535,payer_00535,1,2025-09-08,8,0,8,False,Bank E (Tier2),0.857,29,999.0,medium,,False
mandate_00535,payer_00535,2,2025-09-09,9,1,12,False,Bank E (Tier2),0.857,29,1499.0,medium,bank_server_error,False
mandate_00535,payer_00535,3,2025-09-14,14,6,12,False,Bank D (Tier2),0.857,29,2499.0,high,insufficient_funds,True
mandate_00536,payer_00536,1,2025-06-26,26,3,11,False,Bank C (Tier1),0.338,3,499.0,low,,False
mandate_00536,payer_00536,2,2025-06-27,27,4,15,False,Bank G (Tier3),0.338,3,999.0,medium,insufficient_funds,False
mandate_00536,payer_00536,3,2025-07-01,1,1,21,True,Bank A (Tier1),0.338,3,4999.0,high,bank_server_error,True
mandate_00537,payer_00537,1,2025-11-22,22,5,7,False,Bank C (Tier1),0.669,1,499.0,low,,True
mandate_00538,payer_00538,1,2025-07-20,20,6,19,False,Bank D (Tier2),0.798,23,1499.0,medium,,True
mandate_00539,payer_00539,1,2025-09-06,6,5,21,False,Bank G (Tier3),0.573,25,1499.0,medium,,True
mandate_00540,payer_00540,1,2025-06-09,9,0,21,False,Bank D (Tier2),0.391,35,4999.0,high,,False
mandate_00540,payer_00540,2,2025-06-11,11,2,11,False,Bank F (Tier2),0.391,35,1499.0,medium,bank_server_error,False
mandate_00540,payer_00540,3,2025-06-14,14,5,6,False,Bank C (Tier1),0.391,35,2499.0,high,technical_decline,False
mandate_00540,payer_00540,4,2025-06-16,16,0,12,False,Bank D (Tier2),0.391,35,999.0,medium,insufficient_funds,False
mandate_00541,payer_00541,1,2026-01-30,30,4,12,True,Bank C (Tier1),0.874,19,199.0,low,,True
mandate_00542,payer_00542,1,2025-02-16,16,6,16,False,Bank D (Tier2),0.888,7,999.0,medium,,False
mandate_00542,payer_00542,2,2025-02-20,20,3,18,False,Bank C (Tier1),0.888,7,199.0,low,bank_server_error,True
mandate_00543,payer_00543,1,2025-10-05,5,6,7,False,Bank B (Tier1),0.591,4,2499.0,high,,True
mandate_00544,payer_00544,1,2025-10-31,31,4,12,True,Bank D (Tier2),0.366,9,2499.0,high,,False
mandate_00544,payer_00544,2,2025-11-01,1,5,20,True,Bank D (Tier2),0.366,9,4999.0,high,insufficient_funds,True
mandate_00545,payer_00545,1,2026-03-07,7,5,14,False,Bank A (Tier1),0.279,3,2499.0,high,,False
mandate_00545,payer_00545,2,2026-03-08,8,6,12,False,Bank H (Tier3),0.279,3,199.0,low,insufficient_funds,False
mandate_00545,payer_00545,3,2026-03-12,12,3,15,False,Bank E (Tier2),0.279,3,499.0,low,bank_server_error,False
mandate_00545,payer_00545,4,2026-03-13,13,4,15,False,Bank D (Tier2),0.279,3,2499.0,high,insufficient_funds,False
mandate_00546,payer_00546,1,2026-05-15,15,4,9,False,Bank A (Tier1),0.594,5,299.0,low,,False
mandate_00546,payer_00546,2,2026-05-19,19,1,18,False,Bank H (Tier3),0.594,5,199.0,low,insufficient_funds,True
mandate_00547,payer_00547,1,2025-11-25,25,1,15,False,Bank D (Tier2),0.447,16,299.0,low,,False
mandate_00547,payer_00547,2,2025-11-27,27,3,12,False,Bank F (Tier2),0.447,16,999.0,medium,insufficient_funds,True
mandate_00548,payer_00548,1,2025-04-09,9,2,9,False,Bank B (Tier1),0.227,24,499.0,low,,False
mandate_00548,payer_00548,2,2025-04-10,10,3,14,False,Bank C (Tier1),0.227,24,999.0,medium,insufficient_funds,False
mandate_00548,payer_00548,3,2025-04-13,13,6,14,False,Bank E (Tier2),0.227,24,1499.0,medium,insufficient_funds,False
mandate_00548,payer_00548,4,2025-04-17,17,3,14,False,Bank B (Tier1),0.227,24,499.0,low,account_frozen,False
mandate_00549,payer_00549,1,2025-03-01,1,5,17,True,Bank A (Tier1),0.789,2,4999.0,high,,True
mandate_00550,payer_00550,1,2026-02-03,3,1,17,True,Bank D (Tier2),0.671,12,4999.0,high,,False
mandate_00550,payer_00550,2,2026-02-05,5,3,7,False,Bank C (Tier1),0.671,12,4999.0,high,insufficient_funds,True
mandate_00551,payer_00551,1,2026-03-31,31,1,20,True,Bank A (Tier1),0.872,34,4999.0,high,,True
mandate_00552,payer_00552,1,2025-11-25,25,1,11,False,Bank F (Tier2),0.262,34,2499.0,high,,False
mandate_00552,payer_00552,2,2025-11-30,30,6,17,True,Bank H (Tier3),0.262,34,2499.0,high,account_frozen,False
mandate_00552,payer_00552,3,2025-12-02,2,1,18,True,Bank F (Tier2),0.262,34,199.0,low,account_frozen,True
mandate_00553,payer_00553,1,2025-02-19,19,2,16,False,Bank E (Tier2),0.259,6,299.0,low,,False
mandate_00553,payer_00553,2,2025-02-23,23,6,8,False,Bank C (Tier1),0.259,6,299.0,low,insufficient_funds,False
mandate_00553,payer_00553,3,2025-02-24,24,0,13,False,Bank B (Tier1),0.259,6,4999.0,high,bank_server_error,False
mandate_00553,payer_00553,4,2025-02-28,28,4,21,True,Bank F (Tier2),0.259,6,199.0,low,insufficient_funds,True
mandate_00554,payer_00554,1,2025-05-24,24,5,14,False,Bank D (Tier2),0.892,29,1499.0,medium,,True
mandate_00555,payer_00555,1,2025-10-27,27,0,18,False,Bank F (Tier2),0.386,17,4999.0,high,,False
mandate_00555,payer_00555,2,2025-10-31,31,4,21,True,Bank A (Tier1),0.386,17,4999.0,high,insufficient_funds,False
mandate_00555,payer_00555,3,2025-11-04,4,1,12,False,Bank E (Tier2),0.386,17,199.0,low,insufficient_funds,False
mandate_00555,payer_00555,4,2025-11-08,8,5,17,False,Bank C (Tier1),0.386,17,1499.0,medium,insufficient_funds,False
mandate_00556,payer_00556,1,2025-10-14,14,1,18,False,Bank E (Tier2),0.687,19,1499.0,medium,,True
mandate_00557,payer_00557,1,2026-02-27,27,4,6,False,Bank E (Tier2),0.925,11,2499.0,high,,True
mandate_00558,payer_00558,1,2025-01-02,2,3,6,True,Bank H (Tier3),0.633,20,1499.0,medium,,False
mandate_00558,payer_00558,2,2025-01-07,7,1,16,False,Bank E (Tier2),0.633,20,299.0,low,insufficient_funds,True
mandate_00559,payer_00559,1,2026-05-24,24,6,18,False,Bank B (Tier1),0.139,30,199.0,low,,False
mandate_00559,payer_00559,2,2026-05-29,29,4,12,True,Bank F (Tier2),0.139,30,999.0,medium,limit_exceeded,False
mandate_00559,payer_00559,3,2026-05-30,30,5,9,True,Bank E (Tier2),0.139,30,4999.0,high,technical_decline,False
mandate_00559,payer_00559,4,2026-06-02,2,1,6,True,Bank A (Tier1),0.139,30,299.0,low,technical_decline,True
mandate_00560,payer_00560,1,2025-11-19,19,2,18,False,Bank F (Tier2),0.856,34,199.0,low,,True
mandate_00561,payer_00561,1,2025-05-13,13,1,15,False,Bank A (Tier1),0.579,29,199.0,low,,False
mandate_00561,payer_00561,2,2025-05-18,18,6,9,False,Bank A (Tier1),0.579,29,999.0,medium,bank_server_error,True
mandate_00562,payer_00562,1,2025-10-13,13,0,6,False,Bank H (Tier3),0.05,16,2499.0,high,,False
mandate_00562,payer_00562,2,2025-10-16,16,3,9,False,Bank E (Tier2),0.05,16,299.0,low,technical_decline,False
mandate_00562,payer_00562,3,2025-10-17,17,4,9,False,Bank F (Tier2),0.05,16,199.0,low,technical_decline,False
mandate_00562,payer_00562,4,2025-10-18,18,5,13,False,Bank C (Tier1),0.05,16,499.0,low,insufficient_funds,False
mandate_00563,payer_00563,1,2025-10-18,18,5,6,False,Bank D (Tier2),0.534,26,499.0,low,,False
mandate_00563,payer_00563,2,2025-10-19,19,6,12,False,Bank E (Tier2),0.534,26,499.0,low,insufficient_funds,True
mandate_00564,payer_00564,1,2025-03-20,20,3,8,False,Bank C (Tier1),0.925,8,199.0,low,,False
mandate_00564,payer_00564,2,2025-03-25,25,1,17,False,Bank F (Tier2),0.925,8,199.0,low,bank_server_error,True
mandate_00565,payer_00565,1,2025-05-17,17,5,19,False,Bank D (Tier2),0.834,15,2499.0,high,,True
mandate_00566,payer_00566,1,2025-05-05,5,0,20,False,Bank G (Tier3),0.698,7,299.0,low,,True
mandate_00567,payer_00567,1,2026-02-04,4,2,9,False,Bank F (Tier2),0.846,34,2499.0,high,,True
mandate_00568,payer_00568,1,2025-05-29,29,3,20,True,Bank E (Tier2),0.86,11,999.0,medium,,True
mandate_00569,payer_00569,1,2025-12-04,4,3,7,False,Bank C (Tier1),0.608,36,999.0,medium,,True
mandate_00570,payer_00570,1,2025-05-09,9,4,7,False,Bank E (Tier2),0.268,2,2499.0,high,,True
mandate_00571,payer_00571,1,2026-06-20,20,5,13,False,Bank C (Tier1),0.751,9,999.0,medium,,True
mandate_00572,payer_00572,1,2025-03-22,22,5,19,False,Bank E (Tier2),0.826,6,2499.0,high,,True
mandate_00573,payer_00573,1,2026-04-30,30,3,18,True,Bank F (Tier2),0.549,21,299.0,low,,False
mandate_00573,payer_00573,2,2026-05-02,2,5,22,True,Bank C (Tier1),0.549,21,4999.0,high,technical_decline,True
mandate_00574,payer_00574,1,2025-08-26,26,1,13,False,Bank D (Tier2),0.98,19,499.0,low,,True
mandate_00575,payer_00575,1,2025-12-30,30,1,8,True,Bank F (Tier2),0.426,29,999.0,medium,,False
mandate_00575,payer_00575,2,2026-01-03,3,5,10,True,Bank F (Tier2),0.426,29,499.0,low,limit_exceeded,False
mandate_00575,payer_00575,3,2026-01-07,7,2,18,False,Bank C (Tier1),0.426,29,499.0,low,bank_server_error,False
mandate_00575,payer_00575,4,2026-01-08,8,3,20,False,Bank H (Tier3),0.426,29,2499.0,high,technical_decline,False
mandate_00576,payer_00576,1,2026-04-17,17,4,8,False,Bank B (Tier1),0.98,5,4999.0,high,,True
mandate_00577,payer_00577,1,2025-04-01,1,1,21,True,Bank G (Tier3),0.647,4,199.0,low,,False
mandate_00577,payer_00577,2,2025-04-04,4,4,9,False,Bank A (Tier1),0.647,4,999.0,medium,bank_server_error,False
mandate_00577,payer_00577,3,2025-04-07,7,0,6,False,Bank C (Tier1),0.647,4,199.0,low,technical_decline,False
mandate_00577,payer_00577,4,2025-04-10,10,3,20,False,Bank B (Tier1),0.647,4,499.0,low,insufficient_funds,True
mandate_00578,payer_00578,1,2025-08-27,27,2,10,False,Bank D (Tier2),0.779,12,4999.0,high,,True
mandate_00579,payer_00579,1,2025-07-11,11,4,17,False,Bank B (Tier1),0.94,28,999.0,medium,,True
mandate_00580,payer_00580,1,2025-10-30,30,3,21,True,Bank A (Tier1),0.632,7,499.0,low,,True
mandate_00581,payer_00581,1,2025-07-10,10,3,15,False,Bank A (Tier1),0.865,25,499.0,low,,True
mandate_00582,payer_00582,1,2026-06-21,21,6,8,False,Bank A (Tier1),0.707,26,4999.0,high,,True
mandate_00583,payer_00583,1,2026-05-30,30,5,15,True,Bank E (Tier2),0.636,34,1499.0,medium,,True
mandate_00584,payer_00584,1,2026-03-22,22,6,9,False,Bank B (Tier1),0.506,2,299.0,low,,True
mandate_00585,payer_00585,1,2026-03-10,10,1,17,False,Bank F (Tier2),0.175,19,199.0,low,,True
mandate_00586,payer_00586,1,2025-02-27,27,3,11,False,Bank H (Tier3),0.586,34,4999.0,high,,True
mandate_00587,payer_00587,1,2026-02-23,23,0,22,False,Bank G (Tier3),0.694,16,1499.0,medium,,False
mandate_00587,payer_00587,2,2026-02-25,25,2,10,False,Bank E (Tier2),0.694,16,199.0,low,bank_server_error,False
mandate_00587,payer_00587,3,2026-03-01,1,6,6,True,Bank G (Tier3),0.694,16,4999.0,high,bank_server_error,False
mandate_00587,payer_00587,4,2026-03-02,2,0,20,True,Bank D (Tier2),0.694,16,499.0,low,insufficient_funds,False
mandate_00588,payer_00588,1,2025-09-02,2,1,18,True,Bank H (Tier3),0.783,23,4999.0,high,,False
mandate_00588,payer_00588,2,2025-09-07,7,6,18,False,Bank A (Tier1),0.783,23,999.0,medium,bank_server_error,True
mandate_00589,payer_00589,1,2025-11-04,4,1,12,False,Bank H (Tier3),0.519,2,1499.0,medium,,False
mandate_00589,payer_00589,2,2025-11-09,9,6,9,False,Bank F (Tier2),0.519,2,299.0,low,bank_server_error,False
mandate_00589,payer_00589,3,2025-11-13,13,3,18,False,Bank F (Tier2),0.519,2,299.0,low,insufficient_funds,True
mandate_00590,payer_00590,1,2025-03-22,22,5,11,False,Bank H (Tier3),0.601,26,4999.0,high,,False
mandate_00590,payer_00590,2,2025-03-26,26,2,10,False,Bank C (Tier1),0.601,26,299.0,low,bank_server_error,True
mandate_00591,payer_00591,1,2025-12-09,9,1,6,False,Bank F (Tier2),0.51,3,4999.0,high,,False
mandate_00591,payer_00591,2,2025-12-10,10,2,20,False,Bank F (Tier2),0.51,3,199.0,low,bank_server_error,True
mandate_00592,payer_00592,1,2025-01-17,17,4,19,False,Bank G (Tier3),0.78,17,199.0,low,,True
mandate_00593,payer_00593,1,2025-03-11,11,1,16,False,Bank D (Tier2),0.729,23,2499.0,high,,True
mandate_00594,payer_00594,1,2025-01-14,14,1,17,False,Bank D (Tier2),0.478,29,4999.0,high,,True
mandate_00595,payer_00595,1,2025-06-28,28,5,18,True,Bank H (Tier3),0.846,25,2499.0,high,,False
mandate_00595,payer_00595,2,2025-06-29,29,6,15,True,Bank D (Tier2),0.846,25,299.0,low,account_frozen,True
mandate_00596,payer_00596,1,2025-04-26,26,5,21,False,Bank C (Tier1),0.171,14,4999.0,high,,False
mandate_00596,payer_00596,2,2025-04-30,30,2,14,True,Bank E (Tier2),0.171,14,4999.0,high,insufficient_funds,True
mandate_00597,payer_00597,1,2025-06-05,5,3,11,False,Bank E (Tier2),0.407,19,199.0,low,,True
mandate_00598,payer_00598,1,2025-02-14,14,4,15,False,Bank B (Tier1),0.663,13,199.0,low,,True
mandate_00599,payer_00599,1,2026-06-05,5,4,8,False,Bank F (Tier2),0.324,5,299.0,low,,False
mandate_00599,payer_00599,2,2026-06-09,9,1,12,False,Bank H (Tier3),0.324,5,2499.0,high,insufficient_funds,True
